TIME,AMP,HV,LLD,COUNT
10.0,1.2,701.0,0.6,546.3
10.0,1.2,750.0,0.6,223.63333333333333
10.0,1.2,800.0666666666667,0.6,227.23333333333332
10.0,1.2,850.0,0.6,209.3
10.0,1.2,900.0,0.6,251.26666666666668
10.0,1.2,601.0,0.8000000000000004,608.6333333333333
10.0,1.2,651.0,0.8000000000000004,737.2
10.0,1.2,701.0,0.8000000000000004,671.6
10.0,1.2,750.0,0.8000000000000004,379.2
10.0,1.2,800.0,0.8000000000000004,181.86666666666667
10.0,1.2,601.0,0.4000000000000002,1395.3
10.0,1.2,850.0666666666667,0.7996666666666671,255.16666666666666
10.0,1.2,900.0,0.8000000000000004,274.0
10.0,1.2,601.0,1.0,362.3
10.0,1.2,651.0,1.0,579.0
10.0,1.2,701.0,1.0,579.7333333333333
10.0,1.2,750.0666666666667,1.0,471.23333333333335
10.0,1.2,800.0,1.0,210.36666666666667
10.0,1.2,850.0666666666667,1.0,76.36666666666666
10.0,1.2,900.0,1.0,105.46666666666667
10.0,1.2,601.0,1.2,234.83333333333334
10.0,1.2,651.0,0.4000000000000002,663.2
10.0,1.2,651.0,1.2,391.3
10.0,1.2,701.0,1.2,500.7
10.0,1.2,750.0,1.2,478.1666666666667
10.0,1.2,800.0,1.2,335.8333333333333
10.0,1.2,850.0,1.2,127.36666666666666
10.0,1.2,900.0,1.2,60.333333333333336
10.0,1.2,601.0,1.3999999999999992,146.7
10.0,1.2,651.0,1.3999999999999992,291.43333333333334
10.0,1.2,701.0,1.3999999999999992,444.56666666666666
10.0,1.2,750.0,1.3999999999999992,454.06666666666666
10.0,1.2,701.0,0.4000000000000002,300.23333333333335
10.0,1.2,800.0,1.3999999999999992,380.5
10.0,1.2,850.0,1.3999999999999992,199.76666666666668
10.0,1.2,900.0,1.3999999999999992,72.53333333333333
10.0,1.2,601.0,1.6016666666666675,226.9
10.0,1.2,651.0,1.6006666666666673,240.86666666666667
10.0,1.2,701.0,1.6003333333333343,371.6
10.0,1.2,750.0,1.6000000000000008,423.76666666666665
10.0,1.2,800.0,1.5996666666666675,391.43333333333334
10.0,1.2,850.0,1.599333333333334,275.1666666666667
10.0,1.2,900.0,1.6000000000000008,103.0
10.0,1.2,750.0666666666667,0.4000000000000002,181.5
10.0,1.2,800.0,0.4000000000000002,75.63333333333334
10.0,1.2,850.0,0.4000000000000002,44.7
10.0,1.2,900.0,0.4000000000000002,33.86666666666667
10.0,1.2,601.0,0.6,1049.1333333333334
10.0,1.2,651.0,0.6,965.6333333333333
10.0,1.6,701.0333333333333,0.6,331.1666666666667
10.0,1.6,750.0,0.6,170.8
10.0,1.6,800.0666666666667,0.6,127.73333333333333
10.0,1.6,850.0,0.6,38.8
10.0,1.6,900.0,0.6,26.4
10.0,1.6,601.0,0.8000000000000004,723.1333333333333
10.0,1.6,651.0,0.8000000000000004,741.6666666666666
10.0,1.6,701.0666666666667,0.7996666666666671,554.4
10.0,1.6,750.0,0.8000000000000004,222.66666666666666
10.0,1.6,800.0,0.8000000000000004,179.16666666666666
10.0,1.6,601.0,0.4000000000000002,1108.2
10.0,1.6,850.4,0.8000000000000004,229.4
10.0,1.6,900.0,0.8000000000000004,242.06666666666666
10.0,1.6,601.0,1.0,443.26666666666665
10.0,1.6,651.0,1.0,587.5
10.0,1.6,701.0,1.0,556.2
10.0,1.6,750.0,1.0,358.9
10.0,1.6,800.0,1.0,162.86666666666667
10.0,1.6,850.0666666666667,1.0,213.76666666666668
10.0,1.6,900.0,1.0,261.53333333333336
10.0,1.6,601.0,1.2,272.2
10.0,1.6,651.0,0.4000000000000002,479.3333333333333
10.0,1.6,651.0,1.2,456.56666666666666
10.0,1.6,700.9333333333333,1.2,475.06666666666666
10.0,1.6,750.0,1.2,393.6
10.0,1.6,800.0,1.2,191.43333333333334
10.0,1.6,850.0,1.2,66.0
10.0,1.6,900.0,1.2,93.6
10.0,1.6,601.0,1.399666666666666,209.73333333333332
10.0,1.6,651.0,1.3999999999999992,339.5
10.0,1.6,701.0,1.3999999999999992,418.4
10.0,1.6,750.0666666666667,1.399666666666666,398.26666666666665
10.0,1.6,701.0,0.4000000000000002,222.16666666666666
10.0,1.6,800.0,1.3999999999999992,272.3666666666667
10.0,1.6,850.0,1.3999999999999992,99.93333333333334
10.0,1.6,900.0,1.3999999999999992,49.96666666666667
10.0,1.6,601.0,1.6006666666666676,139.0
10.0,1.6,651.0,1.6006666666666676,255.33333333333334
10.0,1.6,701.0,1.6010000000000006,383.2
10.0,1.6,750.0,1.5996666666666675,388.26666666666665
10.0,1.6,800.0,1.5993333333333342,319.7
10.0,1.6,850.0,1.598333333333334,153.33333333333334
10.0,1.6,900.0,1.6000000000000008,53.63333333333333
10.0,1.6,750.0,0.4000000000000002,136.7
10.0,1.6,800.0,0.4000000000000002,53.43333333333333
10.0,1.6,850.0,0.4000000000000002,35.666666666666664
10.0,1.6,900.0,0.4000000000000002,31.133333333333333
10.0,1.6,601.0,0.6,1065.0
10.0,1.6,651.0,0.6,817.3
10.0,2.0,701.0333333333333,0.6,218.1
10.0,2.0,750.0,0.6,158.93333333333334
10.0,2.0,800.0666666666667,0.6,73.1
10.0,2.0,850.0,0.6,33.6
10.0,2.0,900.0,0.6,23.866666666666667
10.0,2.0,601.0,0.8000000000000004,740.0333333333333
10.0,2.0,651.0,0.8000000000000004,700.8333333333334
10.0,2.0,701.0,0.8000000000000004,422.76666666666665
10.0,2.0,750.0,0.8000000000000004,128.96666666666667
10.0,2.0,800.0,0.7993333333333337,128.5
10.0,2.0,601.0,0.4000000000000002,877.4333333333333
10.0,2.0,850.2,0.8000000000000004,45.86666666666667
10.0,2.0,900.0,0.8000000000000004,26.0
10.0,2.0,601.0,1.0,509.73333333333335
10.0,2.0,651.0,1.0,586.3
10.0,2.0,701.0,1.0,511.1333333333333
10.0,2.0,750.0,1.0,246.93333333333334
10.0,2.0,800.0,1.0,117.36666666666666
10.0,2.0,850.0,1.0,205.16666666666666
10.0,2.0,900.0,1.0,187.2
10.0,2.0,601.0,1.2,314.3666666666667
10.0,2.0,651.0,0.4000000000000002,343.1
10.0,2.0,651.0,1.2,462.2
10.0,2.0,700.8,1.2,460.46666666666664
10.0,2.0,750.0,1.2,339.3
10.0,2.0,800.0,1.2,117.53333333333333
10.0,2.0,850.0,1.2,67.76666666666667
10.0,2.0,900.0,1.2,100.43333333333334
10.0,2.0,601.0,1.3999999999999992,235.1
10.0,2.0,650.9333333333333,1.3999999999999992,375.53333333333336
10.0,2.0,701.0,1.3999999999999992,400.1666666666667
10.0,2.0,750.0,1.3999999999999992,347.4
10.0,2.0,701.0,0.4000000000000002,191.8
10.0,2.0,800.0666666666667,1.3999999999999992,181.3
10.0,2.0,850.0,1.3999999999999992,60.56666666666667
10.0,2.0,900.0,1.3999999999999992,72.6
10.0,2.0,601.0,1.6006666666666673,181.86666666666667
10.0,2.0,651.0,1.6003333333333343,284.8
10.0,2.0,701.0,1.6006666666666676,370.1
10.0,2.0,750.0,1.6000000000000008,358.1666666666667
10.0,2.0,800.0,1.6000000000000008,251.93333333333334
10.0,2.0,850.0,1.5986666666666673,92.66666666666667
10.0,2.0,900.0,1.6000000000000008,43.266666666666666
10.0,2.0,750.0,0.4000000000000002,80.4
10.0,2.0,800.0,0.4000000000000002,46.13333333333333
10.0,2.0,850.0,0.4000000000000002,32.56666666666667
10.0,2.0,900.0,0.4000000000000002,25.233333333333334
10.0,2.0,601.0,0.6,1024.1666666666667
10.0,2.0,651.0,0.6,658.4
10.0,2.4,701.0333333333333,0.6,167.63333333333333
10.0,2.4,750.0,0.6,148.6
10.0,2.4,800.0,0.6,48.233333333333334
10.0,2.4,850.0,0.6,30.3
10.0,2.4,900.0,0.6,21.466666666666665
10.0,2.4,601.0,0.8000000000000004,750.4
10.0,2.4,651.0,0.8000000000000004,648.7666666666667
10.0,2.4,701.0,0.8000000000000004,292.1333333333333
10.0,2.4,750.0,0.8000000000000004,101.5
10.0,2.4,800.0,0.7996666666666671,119.13333333333334
10.0,2.4,600.9333333333333,0.4000000000000002,705.8666666666667
10.0,2.4,850.1333333333333,0.7996666666666671,35.6
10.0,2.4,900.0,0.7996666666666671,23.166666666666668
10.0,2.4,601.0,1.0,565.1
10.0,2.4,651.0,1.0,586.9333333333333
10.0,2.4,701.0,1.0,441.76666666666665
10.0,2.4,750.0,1.0003333333333333,160.63333333333333
10.0,2.4,800.0,1.0,73.6
10.0,2.4,850.0,1.0,78.46666666666667
10.0,2.4,900.0,1.0,23.833333333333332
10.0,2.4,601.0,1.2,370.56666666666666
10.0,2.4,651.0,0.4000000000000002,281.43333333333334
10.0,2.4,651.0,1.2,465.76666666666665
10.0,2.4,700.8,1.2,440.06666666666666
10.0,2.4,750.0,1.2,267.4
10.0,2.4,800.0,1.2,85.1
10.0,2.4,850.0,1.2,77.6
10.0,2.4,900.0,1.2,31.866666666666667
10.0,2.4,601.0,1.3999999999999992,257.6666666666667
10.0,2.4,650.8666666666667,1.3999999999999992,394.6666666666667
10.0,2.4,701.0,1.3999999999999992,401.53333333333336
10.0,2.4,750.0,1.3999999999999992,301.0
10.0,2.4,701.0,0.4000000000000002,171.2
10.0,2.4,800.0,1.3999999999999992,119.43333333333334
10.0,2.4,850.0,1.3999999999999992,48.36666666666667
10.0,2.4,900.0,1.3999999999999992,83.23333333333333
10.0,2.4,601.0,1.6003333333333343,195.76666666666668
10.0,2.4,651.0,1.6003333333333343,319.9
10.0,2.4,701.0,1.601333333333334,359.3333333333333
10.0,2.4,750.0,1.6000000000000008,313.1666666666667
10.0,2.4,800.0,1.5996666666666675,174.83333333333334
10.0,2.4,850.0,1.5993333333333342,59.333333333333336
10.0,2.4,900.0,1.6000000000000008,62.06666666666667
10.0,2.4,750.0,0.4000000000000002,64.0
10.0,2.4,800.0,0.4000000000000002,40.9
10.0,2.4,850.0,0.4000000000000002,26.866666666666667
10.0,2.4,900.0,0.4000000000000002,21.566666666666666
10.0,2.4,601.0,0.6,984.7666666666667
10.0,2.4,651.0,0.6,516.6333333333333
10.0,2.8000000000000003,701.0333333333333,0.6,167.2
10.0,2.8000000000000003,750.0,0.6,136.83333333333334
10.0,2.8000000000000003,800.0,0.6,39.96666666666667
10.0,2.8000000000000003,850.0,0.6,25.133333333333333
10.0,2.8000000000000003,900.0,0.6,18.7
10.0,2.8000000000000003,601.0,0.8000000000000004,743.5333333333333
10.0,2.8000000000000003,651.0,0.8000000000000004,587.4
10.0,2.8000000000000003,701.0,0.8000000000000004,211.33333333333334
10.0,2.8000000000000003,750.0,0.8000000000000004,105.16666666666667
10.0,2.8000000000000003,800.0,0.8000000000000004,92.33333333333333
10.0,2.8000000000000003,601.0,0.4000000000000002,571.0666666666667
10.0,2.8000000000000003,850.2666666666667,0.8000000000000004,29.0
10.0,2.8000000000000003,900.0,0.8000000000000004,18.366666666666667
10.0,2.8000000000000003,601.0,1.0,576.9333333333333
10.0,2.8000000000000003,651.0,1.0,562.8666666666667
10.0,2.8000000000000003,701.0333333333333,1.0,373.96666666666664
10.0,2.8000000000000003,750.0,1.0,121.3
10.0,2.8000000000000003,800.0,1.0,97.1
10.0,2.8000000000000003,850.0666666666667,1.0,44.1
10.0,2.8000000000000003,900.0,1.0,21.366666666666667
10.0,2.8000000000000003,601.0,1.2,419.6666666666667
10.0,2.8000000000000003,651.0,0.4000000000000002,238.46666666666667
10.0,2.8000000000000003,651.0,1.2,474.8333333333333
10.0,2.8000000000000003,700.7333333333333,1.2,397.03333333333336
10.0,2.8000000000000003,750.0,1.2,201.23333333333332
10.0,2.8000000000000003,800.0,1.2,65.13333333333334
10.0,2.8000000000000003,850.0,1.2,91.16666666666667
10.0,2.8000000000000003,900.0,1.2,24.066666666666666
10.0,2.8000000000000003,601.0,1.3999999999999992,277.2
10.0,2.8000000000000003,650.8,1.3999999999999992,395.1666666666667
10.0,2.8000000000000003,701.0,1.3999999999999992,377.0
10.0,2.8000000000000003,750.0666666666667,1.3999999999999992,255.96666666666667
10.0,2.8000000000000003,701.0,0.4000000000000002,152.1
10.0,2.8000000000000003,800.0,1.399666666666666,85.3
10.0,2.8000000000000003,850.0,1.3999999999999992,50.0
10.0,2.8000000000000003,900.0,1.399666666666666,44.4
10.0,2.8000000000000003,601.0,1.6003333333333343,219.36666666666667
10.0,2.8000000000000003,651.0,1.6003333333333343,336.23333333333335
10.0,2.8000000000000003,701.0,1.6006666666666673,344.2
10.0,2.8000000000000003,750.0,1.5996666666666675,279.1333333333333
10.0,2.8000000000000003,800.0666666666667,1.5990000000000009,123.86666666666666
10.0,2.8000000000000003,850.0,1.5996666666666675,42.666666666666664
10.0,2.8000000000000003,900.0,1.6000000000000008,77.23333333333333
10.0,2.8000000000000003,750.0,0.4000000000000002,54.86666666666667
10.0,2.8000000000000003,800.0,0.4000000000000002,35.56666666666667
10.0,2.8000000000000003,850.0,0.4000000000000002,28.033333333333335
10.0,2.8000000000000003,900.0,0.4000000000000002,21.9
10.0,2.8000000000000003,601.0,0.6,925.1
10.0,2.8000000000000003,651.0,0.6,395.23333333333335
10.0,0.4,701.0333333333333,0.6,1050.4
10.0,0.4,750.0,0.6,925.8
10.0,0.4,800.0666666666667,0.5996666666666666,507.7
10.0,0.4,850.0,0.6,215.03333333333333
10.0,0.4,900.0,0.6,166.46666666666667
10.0,0.4,601.0,0.8000000000000004,364.8
10.0,0.4,651.0,0.8000000000000004,474.73333333333335
10.0,0.4,701.1,0.8000000000000004,720.4333333333333
10.0,0.4,750.0,0.8000000000000004,774.1666666666666
10.0,0.4,800.0,0.7996666666666671,675.0333333333333
10.0,0.4,601.0,0.4000000000000002,1764.9
10.0,0.4,850.1333333333333,0.8000000000000004,424.3333333333333
10.0,0.4,900.0,0.8000000000000004,145.2
10.0,0.4,601.0,1.0,418.46666666666664
10.0,0.4,651.0,1.0,286.26666666666665
10.0,0.4,701.0666666666667,1.0,471.3666666666667
10.0,0.4,750.0,1.0,656.9
10.0,0.4,800.0,1.0,671.9
10.0,0.4,850.0,1.0,562.1
10.0,0.4,900.0,1.0003333333333333,309.0
10.0,0.4,601.0,1.2,85.7
10.0,0.4,651.0,0.4000000000000002,1718.3333333333333
10.0,0.4,651.0,1.2,314.26666666666665
10.0,0.4,701.0,1.2,337.3333333333333
10.0,0.4,750.0,1.2,509.43333333333334
10.0,0.4,800.0,1.2,618.6333333333333
10.0,0.4,850.0,1.2,610.0333333333333
10.0,0.4,900.0,1.2003333333333333,443.93333333333334
10.0,0.4,601.0,1.3999999999999992,73.43333333333334
10.0,0.4,651.0,1.3999999999999992,413.1666666666667
10.0,0.4,701.0,1.3999999999999992,262.43333333333334
10.0,0.4,750.0,1.3999999999999992,415.3666666666667
10.0,0.4,701.0,0.4000000000000002,1173.5333333333333
10.0,0.4,800.0,1.3999999999999992,599.5
10.0,0.4,850.0,1.3999999999999992,581.8666666666667
10.0,0.4,900.0,1.3999999999999992,571.9666666666667
10.0,0.4,601.0,1.6006666666666676,66.83333333333333
10.0,0.4,651.0,1.6006666666666676,106.66666666666667
10.0,0.4,701.0,1.6010000000000004,254.3
10.0,0.4,750.0,1.6003333333333343,336.03333333333336
10.0,0.4,800.0,1.5996666666666675,519.3333333333334
10.0,0.4,850.0,1.5986666666666673,653.5666666666667
10.0,0.4,900.0,1.6000000000000008,557.8
10.0,0.4,750.0666666666667,0.4000000000000002,615.7666666666667
10.0,0.4,800.0,0.4000000000000002,359.9
10.0,0.4,850.0,0.4000000000000002,324.3
10.0,0.4,900.0,0.4000000000000002,356.2
10.0,0.4,601.0,0.6,590.7666666666667
10.0,0.4,651.0,0.6,937.9333333333333
10.0,0.8,701.0,0.6,859.9333333333333
10.0,0.8,750.0,0.6,445.93333333333334
10.0,0.8,800.0666666666667,0.6,235.1
10.0,0.8,850.0,0.6,285.23333333333335
10.0,0.8,900.0,0.6,289.7
10.0,0.8,601.0,0.8000000000000004,451.6333333333333
10.0,0.8,651.0,0.8000000000000004,725.6
10.0,0.8,701.0,0.8000000000000004,753.6333333333333
10.0,0.8,750.0,0.8000000000000004,599.8666666666667
10.0,0.8,800.0,0.8000000000000004,262.73333333333335
10.0,0.8,601.0,0.4000000000000002,1735.1333333333334
10.0,0.8,850.2666666666667,0.8000000000000004,103.4
10.0,0.8,900.0,0.8000000000000004,122.7
10.0,0.8,601.0,1.0,276.73333333333335
10.0,0.8,651.0,1.0,451.43333333333334
10.0,0.8,701.0,1.0,606.1666666666666
10.0,0.8,750.0,1.0,614.0666666666667
10.0,0.8,800.0,1.0,429.23333333333335
10.0,0.8,850.0666666666667,1.0,187.93333333333334
10.0,0.8,900.0,1.0003333333333333,76.33333333333333
10.0,0.8,601.0,1.2,170.9
10.0,0.8,651.0,0.4000000000000002,1078.1666666666667
10.0,0.8,651.0,1.2,317.1
10.0,0.8,701.0,1.2,496.6
10.0,0.8,750.0,1.2,529.1
10.0,0.8,800.0,1.2,486.9
10.0,0.8,850.0,1.2,327.96666666666664
10.0,0.8,900.0,1.2,112.63333333333334
10.0,0.8,601.0,1.3999999999999992,400.4
10.0,0.8,651.0,1.399666666666666,242.5
10.0,0.8,701.0,1.3999999999999992,372.96666666666664
10.0,0.8,750.0,1.3999999999999992,493.7
10.0,0.8,701.0,0.4000000000000002,513.1
10.0,0.8,800.0,1.3999999999999992,497.2
10.0,0.8,850.0,1.3999999999999992,379.1666666666667
10.0,0.8,900.0,1.3999999999999992,205.86666666666667
10.0,0.8,601.0,1.6016666666666672,89.26666666666667
10.0,0.8,651.0,1.6010000000000006,169.9
10.0,0.8,701.0,1.600333333333334,305.26666666666665
10.0,0.8,750.0,1.6000000000000008,449.3666666666667
10.0,0.8,800.0,1.5996666666666675,471.8333333333333
10.0,0.8,850.0,1.5993333333333342,436.1666666666667
10.0,0.8,900.0,1.6000000000000008,275.0
10.0,0.8,750.0,0.4000000000000002,241.86666666666667
10.0,0.8,800.0666666666667,0.4000000000000002,184.1
10.0,0.8,850.0,0.4000000000000002,87.23333333333333
10.0,0.8,900.0,0.4000000000000002,66.13333333333334
10.0,0.8,601.0,0.6,913.5333333333333
10.0,0.8,651.0,0.6,1059.8666666666666
15.0,1.2,701.0,0.5983333333333333,846.7666666666667
15.0,1.2,750.0,0.5960000000000001,316.43333333333334
15.0,1.2,800.0,0.5966666666666666,332.43333333333334
15.0,1.2,850.0,0.5986666666666666,308.9
15.0,1.2,900.0,0.5976666666666667,366.43333333333334
15.0,1.2,601.0,0.8000000000000004,912.8333333333334
15.0,1.2,651.0,0.8000000000000004,1140.1666666666667
15.0,1.2,701.0,0.8000000000000004,1006.7333333333333
15.0,1.2,750.0,0.8000000000000004,613.4
15.0,1.2,800.1333333333333,0.8000000000000004,273.73333333333335
15.0,1.2,601.0,0.4000000000000002,2156.633333333333
15.0,1.2,850.0,0.8000000000000004,375.43333333333334
15.0,1.2,900.0,0.8000000000000004,408.8333333333333
15.0,1.2,601.0,1.0,544.6666666666666
15.0,1.2,651.0,1.0,863.3333333333334
15.0,1.2,701.0,1.0,873.7
15.0,1.2,750.0,1.0,703.3
15.0,1.2,800.0666666666667,1.0,307.2
15.0,1.2,850.0666666666667,1.0,116.53333333333333
15.0,1.2,900.0,1.0,160.7
15.0,1.2,601.0,1.2,356.43333333333334
15.0,1.2,651.0666666666667,0.4000000000000002,996.4
15.0,1.2,651.0,1.2,604.3333333333334
15.0,1.2,701.0,1.1996666666666664,752.2
15.0,1.2,750.0,1.2,714.4333333333333
15.0,1.2,800.1333333333333,1.2,498.4
15.0,1.2,850.1333333333333,1.2,192.83333333333334
15.0,1.2,900.0,1.2,91.43333333333334
15.0,1.2,601.0,1.3989999999999996,218.1
15.0,1.2,651.0,1.3969999999999994,441.9
15.0,1.2,701.0,1.3973333333333329,664.1333333333333
15.0,1.2,750.0,1.3993333333333324,688.8666666666667
15.0,1.2,701.0,0.4000000000000002,432.76666666666665
15.0,1.2,800.0666666666667,1.3999999999999992,567.4
15.0,1.2,850.0,1.3999999999999992,306.53333333333336
15.0,1.2,900.0,1.3999999999999992,111.83333333333333
15.0,1.2,601.0,1.600333333333334,387.6
15.0,1.2,651.0,1.6000000000000008,360.1666666666667
15.0,1.2,701.0,1.6000000000000008,555.7
15.0,1.2,750.0,1.6000000000000008,629.2
15.0,1.2,800.0,1.6000000000000008,599.8666666666667
15.0,1.2,850.4666666666667,1.5996666666666675,434.03333333333336
15.0,1.2,900.0,1.6000000000000008,165.96666666666667
15.0,1.2,750.0,0.4000000000000002,275.03333333333336
15.0,1.2,800.0,0.4000000000000002,109.96666666666667
15.0,1.2,850.0,0.4000000000000002,67.56666666666666
15.0,1.2,899.9333333333333,0.4000000000000002,49.3
15.0,1.2,601.0,0.5986666666666667,1583.2666666666667
15.0,1.2,651.0,0.5966666666666666,1472.7333333333333
15.0,1.6,701.0,0.5980000000000001,518.5666666666667
15.0,1.6,750.0,0.598,258.96666666666664
15.0,1.6,800.0,0.596,193.16666666666666
15.0,1.6,850.0,0.6,64.83333333333333
15.0,1.6,900.0,0.5966666666666666,41.166666666666664
15.0,1.6,601.0,0.8000000000000004,1090.6666666666667
15.0,1.6,651.0,0.8000000000000004,1118.5
15.0,1.6,701.0,0.8000000000000004,849.2
15.0,1.6,750.0,0.8000000000000004,365.8
15.0,1.6,800.0,0.8000000000000004,252.6
15.0,1.6,601.0,0.4000000000000002,1708.8666666666666
15.0,1.6,850.0,0.8000000000000004,342.6
15.0,1.6,900.0,0.8000000000000004,358.3666666666667
15.0,1.6,601.0,1.0,661.7
15.0,1.6,651.0,1.0,878.0
15.0,1.6,701.0,1.0,835.3
15.0,1.6,750.0,1.0,549.5
15.0,1.6,800.1333333333333,1.0,243.9
15.0,1.6,850.0,1.0,326.2
15.0,1.6,900.0,1.0,397.76666666666665
15.0,1.6,601.0,1.2,420.26666666666665
15.0,1.6,651.2666666666667,0.4000000000000002,689.4666666666667
15.0,1.6,651.0,1.2,682.5666666666667
15.0,1.6,701.0,1.2,721.8666666666667
15.0,1.6,750.0,1.2,596.0666666666667
15.0,1.6,800.0666666666667,1.2,284.43333333333334
15.0,1.6,850.0666666666667,1.2,99.8
15.0,1.6,900.0,1.2,141.06666666666666
15.0,1.6,601.0,1.3979999999999997,303.2
15.0,1.6,651.0,1.3979999999999995,504.73333333333335
15.0,1.6,701.0,1.396666666666666,643.6333333333333
15.0,1.6,750.0,1.3986666666666663,615.8666666666667
15.0,1.6,701.0,0.4000000000000002,333.53333333333336
15.0,1.6,800.0,1.3999999999999992,431.03333333333336
15.0,1.6,850.0,1.3999999999999992,154.86666666666667
15.0,1.6,900.0,1.3999999999999992,74.43333333333334
15.0,1.6,601.0,1.6006666666666676,202.26666666666668
15.0,1.6,651.0,1.6000000000000008,390.3333333333333
15.0,1.6,701.0,1.5990000000000009,592.0333333333333
15.0,1.6,750.0,1.6000000000000008,585.4333333333333
15.0,1.6,800.0,1.6000000000000008,472.76666666666665
15.0,1.6,850.0,1.6000000000000008,228.73333333333332
15.0,1.6,900.0,1.5993333333333342,85.1
15.0,1.6,750.0,0.4000000000000002,221.16666666666666
15.0,1.6,800.0,0.4000000000000002,79.16666666666667
15.0,1.6,850.0,0.4000000000000002,55.733333333333334
15.0,1.6,899.7333333333333,0.4000000000000002,41.8
15.0,1.6,601.0,0.5976666666666667,1588.1333333333334
15.0,1.6,651.0,0.5969999999999999,1248.4
15.0,2.0,701.0,0.5973333333333333,335.3666666666667
15.0,2.0,750.0,0.5976666666666666,239.83333333333334
15.0,2.0,800.0,0.5959999999999999,121.33333333333333
15.0,2.0,850.0,0.599,53.233333333333334
15.0,2.0,900.0,0.595,35.233333333333334
15.0,2.0,601.0,0.8000000000000004,1122.5666666666666
15.0,2.0,651.0,0.8000000000000004,1068.3
15.0,2.0,701.0,0.8000000000000004,642.8666666666667
15.0,2.0,750.0,0.8000000000000004,209.5
15.0,2.0,800.0666666666667,0.8000000000000004,189.56666666666666
15.0,2.0,601.0,0.4000000000000002,1336.6666666666667
15.0,2.0,850.0,0.8000000000000004,72.4
15.0,2.0,900.0,0.8000000000000004,39.43333333333333
15.0,2.0,601.0,1.0,765.7
15.0,2.0,651.0,1.0,885.8
15.0,2.0,701.0,1.0,736.9666666666667
15.0,2.0,750.0,1.0,361.0
15.0,2.0,800.0666666666667,1.0,154.53333333333333
15.0,2.0,850.0,1.0,299.3666666666667
15.0,2.0,900.0,1.0,239.8
15.0,2.0,600.9333333333333,1.2,468.9
15.0,2.0,651.0666666666667,0.4000000000000002,515.2333333333333
15.0,2.0,651.0,1.2,704.2
15.0,2.0,701.0,1.2,692.7666666666667
15.0,2.0,750.0,1.2,498.53333333333336
15.0,2.0,800.0,1.2,180.0
15.0,2.0,850.0,1.2,109.33333333333333
15.0,2.0,899.7333333333333,1.2,162.53333333333333
15.0,2.0,601.0,1.398666666666666,348.06666666666666
15.0,2.0,651.0,1.396333333333333,567.7666666666667
15.0,2.0,701.0,1.3999999999999992,602.7666666666667
15.0,2.0,750.0,1.3979999999999992,525.9
15.0,2.0,701.0,0.4000000000000002,283.6333333333333
15.0,2.0,800.0,1.3999999999999992,273.06666666666666
15.0,2.0,850.0,1.3999999999999992,98.2
15.0,2.0,900.0,1.3999999999999992,106.8
15.0,2.0,601.0,1.6010000000000004,272.6666666666667
15.0,2.0,651.0,1.5996666666666675,435.53333333333336
15.0,2.0,701.0,1.6000000000000008,554.0666666666667
15.0,2.0,750.0,1.6000000000000008,528.5
15.0,2.0,800.0,1.6000000000000008,369.3
15.0,2.0,850.0,1.6000000000000008,131.93333333333334
15.0,2.0,900.0,1.6000000000000008,66.96666666666667
15.0,2.0,750.0,0.4000000000000002,128.43333333333334
15.0,2.0,800.0,0.4000000000000002,69.5
15.0,2.0,850.0,0.4000000000000002,50.53333333333333
15.0,2.0,899.4666666666667,0.4000000000000002,36.46666666666667
15.0,2.0,601.0,0.5969999999999999,1537.6
15.0,2.0,651.0,0.5973333333333333,1006.5333333333333
15.0,2.4,701.0,0.5983333333333333,252.16666666666666
15.0,2.4,750.0,0.5959999999999999,221.5
15.0,2.4,800.0,0.5973333333333332,72.73333333333333
15.0,2.4,850.0,0.5976666666666667,43.06666666666667
15.0,2.4,900.0,0.595,30.6
15.0,2.4,600.9333333333333,0.8000000000000004,1133.5333333333333
15.0,2.4,651.0,0.8000000000000004,995.0
15.0,2.4,701.0,0.8000000000000004,463.3
15.0,2.4,750.0,0.8000000000000004,156.76666666666668
15.0,2.4,800.0666666666667,0.8000000000000004,174.93333333333334
15.0,2.4,601.0,0.4000000000000002,1073.0333333333333
15.0,2.4,850.0,0.8000000000000004,53.3
15.0,2.4,900.0,0.8000000000000004,32.03333333333333
15.0,2.4,601.0,1.0,853.6666666666666
15.0,2.4,651.0,1.0,872.5
15.0,2.4,701.0,1.0,653.7
15.0,2.4,750.0,1.0,248.26666666666668
15.0,2.4,800.0,1.0,112.06666666666666
15.0,2.4,850.0,1.0,125.93333333333334
15.0,2.4,900.0,1.0,38.43333333333333
15.0,2.4,600.8,1.2,544.6333333333333
15.0,2.4,651.0666666666667,0.4000000000000002,415.43333333333334
15.0,2.4,651.0,1.2,703.9
15.0,2.4,701.0,1.1996666666666667,656.0
15.0,2.4,750.0,1.2,394.23333333333335
15.0,2.4,800.0,1.2,118.33333333333333
15.0,2.4,850.0666666666667,1.2,119.16666666666667
15.0,2.4,899.7333333333333,1.2,54.06666666666667
15.0,2.4,601.0,1.398333333333333,387.6
15.0,2.4,651.0,1.3959999999999997,587.7333333333333
15.0,2.4,701.0,1.3999999999999992,594.4666666666667
15.0,2.4,750.0,1.3973333333333329,460.2
15.0,2.4,701.0,0.4000000000000002,252.26666666666668
15.0,2.4,800.0,1.3999999999999992,186.5
15.0,2.4,850.0,1.3999999999999992,74.06666666666666
15.0,2.4,900.0,1.3999999999999992,122.43333333333334
15.0,2.4,601.0,1.6006666666666676,292.2
15.0,2.4,651.0,1.6000000000000008,501.53333333333336
15.0,2.4,701.0,1.5996666666666675,532.4666666666667
15.0,2.4,750.0,1.6000000000000008,475.2
15.0,2.4,800.0,1.6000000000000008,264.46666666666664
15.0,2.4,850.0,1.6000000000000008,89.36666666666666
15.0,2.4,900.0,1.5996666666666675,83.83333333333333
15.0,2.4,750.0,0.4000000000000002,95.03333333333333
15.0,2.4,800.0,0.4000000000000002,60.56666666666667
15.0,2.4,850.0,0.4000000000000002,48.13333333333333
15.0,2.4,899.2666666666667,0.4000000000000002,33.56666666666667
15.0,2.4,601.0,0.5983333333333332,1485.0666666666666
15.0,2.4,651.0,0.5973333333333333,804.3333333333334
15.0,2.8000000000000003,701.0,0.598,247.9
15.0,2.8000000000000003,750.0,0.5973333333333333,195.56666666666666
15.0,2.8000000000000003,800.0,0.5953333333333333,62.766666666666666
15.0,2.8000000000000003,850.0,0.5986666666666666,40.233333333333334
15.0,2.8000000000000003,900.0,0.5953333333333333,27.366666666666667
15.0,2.8000000000000003,601.0,0.8000000000000004,1120.9
15.0,2.8000000000000003,651.0,0.8000000000000004,896.5666666666667
15.0,2.8000000000000003,701.0,0.8000000000000004,345.8666666666667
15.0,2.8000000000000003,750.0,0.8000000000000004,155.03333333333333
15.0,2.8000000000000003,800.0666666666667,0.8000000000000004,143.36666666666667
15.0,2.8000000000000003,601.0,0.4000000000000002,891.2333333333333
15.0,2.8000000000000003,850.0,0.8000000000000004,43.86666666666667
15.0,2.8000000000000003,900.0,0.8000000000000004,30.066666666666666
15.0,2.8000000000000003,601.0,1.0,868.8666666666667
15.0,2.8000000000000003,651.0,1.0,849.6333333333333
15.0,2.8000000000000003,700.9333333333333,1.0,544.8333333333334
15.0,2.8000000000000003,750.0,1.0,182.7
15.0,2.8000000000000003,800.0,1.0,149.06666666666666
15.0,2.8000000000000003,850.0,1.0,67.4
15.0,2.8000000000000003,900.0,1.0,31.866666666666667
15.0,2.8000000000000003,600.7333333333333,1.2,623.1666666666666
15.0,2.8000000000000003,651.0,0.4000000000000002,354.76666666666665
15.0,2.8000000000000003,651.0,1.2,711.3333333333334
15.0,2.8000000000000003,701.0,1.2,603.9333333333333
15.0,2.8000000000000003,750.0,1.2,288.06666666666666
15.0,2.8000000000000003,800.0,1.1996666666666664,93.8
15.0,2.8000000000000003,850.0,1.2,139.26666666666668
15.0,2.8000000000000003,899.6666666666666,1.2,34.13333333333333
15.0,2.8000000000000003,601.0,1.3979999999999995,406.76666666666665
15.0,2.8000000000000003,651.0,1.396,603.5333333333333
15.0,2.8000000000000003,701.0,1.3999999999999992,581.8
15.0,2.8000000000000003,750.0,1.3979999999999995,396.23333333333335
15.0,2.8000000000000003,701.0,0.4000000000000002,221.46666666666667
15.0,2.8000000000000003,800.0666666666667,1.3999999999999992,129.43333333333334
15.0,2.8000000000000003,850.0,1.3999999999999992,72.36666666666666
15.0,2.8000000000000003,900.0,1.3999999999999992,73.73333333333333
15.0,2.8000000000000003,601.0,1.6006666666666676,318.3666666666667
15.0,2.8000000000000003,651.0,1.6000000000000008,503.0
15.0,2.8000000000000003,701.0,1.6000000000000008,530.4666666666667
15.0,2.8000000000000003,750.0,1.6000000000000008,421.3
15.0,2.8000000000000003,800.0,1.6000000000000008,178.9
15.0,2.8000000000000003,850.0,1.5996666666666675,70.63333333333334
15.0,2.8000000000000003,900.0,1.6000000000000008,118.0
15.0,2.8000000000000003,750.0,0.4000000000000002,83.0
15.0,2.8000000000000003,800.0,0.4000000000000002,52.06666666666667
15.0,2.8000000000000003,850.0,0.4000000000000002,39.7
15.0,2.8000000000000003,899.4666666666667,0.4000000000000002,31.666666666666668
15.0,2.8000000000000003,601.0,0.5969999999999999,1378.3666666666666
15.0,2.8000000000000003,651.0,0.5966666666666666,627.6333333333333
15.0,0.4,701.0,0.6,1602.2333333333333
15.0,0.4,750.0,0.597,1388.9
15.0,0.4,800.0,0.5959999999999999,790.4
15.0,0.4,850.0,0.5996666666666666,298.1
15.0,0.4,900.0,0.5976666666666667,242.76666666666668
15.0,0.4,601.0,0.8000000000000004,606.6666666666666
15.0,0.4,651.0,0.8000000000000004,711.9333333333333
15.0,0.4,701.0,0.8000000000000004,1109.3666666666666
15.0,0.4,750.0,0.8000000000000004,1181.9333333333334
15.0,0.4,800.0,0.8000000000000004,1061.5
15.0,0.4,601.0,0.4000000000000002,2593.233333333333
15.0,0.4,850.0,0.8000000000000004,659.1
15.0,0.4,900.0,0.8000000000000004,252.1
15.0,0.4,601.0,1.0,621.7
15.0,0.4,651.0,1.0,434.8666666666667
15.0,0.4,701.0,1.0,703.8333333333334
15.0,0.4,750.0,1.0,1004.6333333333333
15.0,0.4,800.0666666666667,1.0,1029.8
15.0,0.4,850.0,1.0,865.6333333333333
15.0,0.4,900.0,1.0,508.2
15.0,0.4,601.0,1.2,124.8
15.0,0.4,651.0,0.4000000000000002,2631.3
15.0,0.4,651.0,1.2,448.53333333333336
15.0,0.4,701.0,1.2,521.8
15.0,0.4,750.0,1.2,758.9333333333333
15.0,0.4,800.5333333333333,1.2,921.5
15.0,0.4,850.0,1.1996666666666664,912.4666666666667
15.0,0.4,900.0,1.2,698.2
15.0,0.4,601.0,1.399666666666666,101.2
15.0,0.4,651.0,1.3983333333333328,622.7666666666667
15.0,0.4,701.0,1.396333333333333,396.0
15.0,0.4,750.0,1.3999999999999992,616.7666666666667
15.0,0.4,701.0,0.4000000000000002,1759.5
15.0,0.4,800.0,1.3999999999999992,917.3
15.0,0.4,850.0,1.3999999999999992,882.2333333333333
15.0,0.4,900.0,1.3999999999999992,871.3666666666667
15.0,0.4,601.0,1.6006666666666676,99.63333333333334
15.0,0.4,651.0,1.6000000000000008,169.13333333333333
15.0,0.4,701.0,1.6000000000000008,320.96666666666664
15.0,0.4,750.0,1.6013333333333342,511.7
15.0,0.4,800.0,1.5996666666666675,800.7333333333333
15.0,0.4,850.6,1.5993333333333342,973.8
15.0,0.4,900.0,1.6000000000000008,936.2666666666667
15.0,0.4,750.0,0.4000000000000002,912.6333333333333
15.0,0.4,800.0666666666667,0.4000000000000002,546.8
15.0,0.4,850.0,0.4000000000000002,495.4
15.0,0.4,900.0,0.4000000000000002,521.3666666666667
15.0,0.4,601.0,0.5976666666666667,880.8666666666667
15.0,0.4,651.0,0.5969999999999999,1381.6
15.0,0.8,701.0,0.5973333333333333,1291.1666666666667
15.0,0.8,750.0,0.5956666666666667,670.7333333333333
15.0,0.8,800.0,0.5966666666666666,359.3
15.0,0.8,850.0,0.599,420.93333333333334
15.0,0.8,900.0,0.5980000000000001,440.53333333333336
15.0,0.8,601.0,0.8000000000000004,680.2333333333333
15.0,0.8,651.0,0.8000000000000004,1091.2666666666667
15.0,0.8,701.0,0.8000000000000004,1123.5666666666666
15.0,0.8,750.0,0.8000000000000004,915.1666666666666
15.0,0.8,800.0,0.8000000000000004,426.06666666666666
15.0,0.8,601.0,0.4000000000000002,2634.5666666666666
15.0,0.8,850.0,0.8000000000000004,161.96666666666667
15.0,0.8,900.0,0.8000000000000004,189.16666666666666
15.0,0.8,601.0,1.0,406.3666666666667
15.0,0.8,651.0,1.0,701.0666666666667
15.0,0.8,701.0,1.0,907.3666666666667
15.0,0.8,750.0,1.0,917.5333333333333
15.0,0.8,800.0,1.0,662.0666666666667
15.0,0.8,850.0,1.0,262.8333333333333
15.0,0.8,900.0,1.0,119.4
15.0,0.8,601.0,1.2,303.96666666666664
15.0,0.8,651.0,0.4000000000000002,1685.6666666666667
15.0,0.8,651.0,1.2,476.1666666666667
15.0,0.8,701.0,1.2,749.1666666666666
15.0,0.8,750.0,1.2,798.6333333333333
15.0,0.8,800.0666666666667,1.2,732.7
15.0,0.8,850.0,1.2,487.4
15.0,0.8,900.0,1.2,168.96666666666667
15.0,0.8,601.0,1.399666666666666,585.9333333333333
15.0,0.8,651.0,1.3973333333333329,360.3666666666667
15.0,0.8,701.0333333333333,1.396666666666666,547.2333333333333
15.0,0.8,750.0,1.3983333333333328,754.6666666666666
15.0,0.8,701.0,0.4000000000000002,788.6333333333333
15.0,0.8,800.0666666666667,1.3999999999999992,749.1333333333333
15.0,0.8,850.0,1.3999999999999992,587.1666666666666
15.0,0.8,900.0,1.3999999999999992,306.93333333333334
15.0,0.8,601.0,1.6000000000000008,122.53333333333333
15.0,0.8,651.0,1.6000000000000008,251.16666666666666
15.0,0.8,701.0,1.6000000000000008,456.1
15.0,0.8,750.0,1.6006666666666673,666.3
15.0,0.8,800.0,1.5996666666666675,704.2
15.0,0.8,850.6666666666666,1.5996666666666675,647.3333333333334
15.0,0.8,900.0,1.6000000000000008,436.3
15.0,0.8,750.0,0.4000000000000002,371.0
15.0,0.8,800.0666666666667,0.4000000000000002,255.13333333333333
15.0,0.8,850.0,0.4000000000000002,119.13333333333334
15.0,0.8,900.0,0.4000000000000002,98.16666666666667
15.0,0.8,601.0,0.5986666666666667,1404.4666666666667
15.0,0.8,651.0,0.5953333333333333,1598.6666666666667
20.0,1.2,701.0,0.6,1168.9666666666667
20.0,1.2,750.0,0.6,430.6333333333333
20.0,1.2,800.0666666666667,0.6,452.8333333333333
20.0,1.2,850.0,0.6,421.3
20.0,1.2,900.0,0.6,496.4
20.0,1.2,601.0,0.8000000000000004,1205.5333333333333
20.0,1.2,651.0,0.8000000000000004,1503.7666666666667
20.0,1.2,701.0,0.8000000000000004,1374.9666666666667
20.0,1.2,750.0,0.8000000000000004,795.7666666666667
20.0,1.2,800.0,0.8000000000000004,361.6
20.0,1.2,601.0,0.4000000000000002,2892.2
20.0,1.2,850.0,0.8000000000000004,504.1666666666667
20.0,1.2,900.0,0.8000000000000004,539.8666666666667
20.0,1.2,601.0,1.0,715.8333333333334
20.0,1.2,651.0,1.0,1145.3333333333333
20.0,1.2,701.0,1.0,1185.2
20.0,1.2,750.0,1.0,947.4
20.0,1.2,800.0,1.0,420.3333333333333
20.0,1.2,850.0,1.0,156.36666666666667
20.0,1.2,900.0,1.0,217.66666666666666
20.0,1.2,600.8666666666667,1.2,465.8333333333333
20.0,1.2,651.0,0.4000000000000002,1363.6
20.0,1.2,651.0,1.2,793.4
20.0,1.2,701.0,1.2,991.6666666666666
20.0,1.2,749.9,1.2,956.3
20.0,1.2,800.0,1.2,671.3333333333334
20.0,1.2,850.0,1.2,257.46666666666664
20.0,1.2,900.0,1.2,122.43333333333334
20.0,1.2,601.0,1.3999999999999992,302.43333333333334
20.0,1.2,651.0,1.3999999999999992,586.7
20.0,1.2,701.0,1.3999999999999992,874.5333333333333
20.0,1.2,750.0,1.3999999999999992,919.5666666666667
20.0,1.2,701.0,0.4000000000000002,607.0666666666667
20.0,1.2,800.0,1.3999999999999992,774.8
20.0,1.2,850.0,1.399666666666666,414.7
20.0,1.2,900.0,1.3999999999999992,138.13333333333333
20.0,1.2,601.0,1.6000000000000008,435.3666666666667
20.0,1.2,651.0,1.6000000000000008,477.06666666666666
20.0,1.2,701.0,1.6000000000000008,739.8666666666667
20.0,1.2,750.0,1.6000000000000008,833.9
20.0,1.2,800.0,1.6000000000000008,796.7333333333333
20.0,1.2,850.5333333333333,1.6000000000000008,586.7333333333333
20.0,1.2,900.0,1.6000000000000008,222.73333333333332
20.0,1.2,750.0,0.4000000000000002,364.46666666666664
20.0,1.2,800.0,0.4000000000000002,147.2
20.0,1.2,850.0,0.4000000000000002,87.93333333333334
20.0,1.2,900.0,0.4000000000000002,67.73333333333333
20.0,1.2,600.9333333333333,0.6,2096.4333333333334
20.0,1.2,651.0,0.6,1945.3666666666666
20.0,1.6,701.0,0.6,712.5666666666667
20.0,1.6,750.0666666666667,0.6,338.56666666666666
20.0,1.6,800.0,0.6,259.6
20.0,1.6,850.0,0.6,85.7
20.0,1.6,900.0,0.6,56.63333333333333
20.0,1.6,601.0,0.8000000000000004,1433.8333333333333
20.0,1.6,651.0,0.8000000000000004,1501.6
20.0,1.6,701.0,0.8000000000000004,1139.4333333333334
20.0,1.6,750.0,0.8000000000000004,475.7
20.0,1.6,800.0,0.8000000000000004,338.6333333333333
20.0,1.6,601.0,0.4000000000000002,2301.0666666666666
20.0,1.6,850.0,0.8000000000000004,460.1666666666667
20.0,1.6,900.0,0.799666666666667,467.5
20.0,1.6,601.0,1.0,868.7333333333333
20.0,1.6,650.4666666666667,1.0,1178.0666666666666
20.0,1.6,701.0,1.0,1129.6666666666667
20.0,1.6,750.0,1.0,752.9
20.0,1.6,800.0,1.0,329.3333333333333
20.0,1.6,850.0,1.0,394.1666666666667
20.0,1.6,900.0,1.0,532.4333333333333
20.0,1.6,601.0,1.2,561.1333333333333
20.0,1.6,651.0,0.4000000000000002,978.5666666666667
20.0,1.6,651.0,1.2,912.3333333333334
20.0,1.6,701.0,1.2,963.6333333333333
20.0,1.6,749.7333333333333,1.2,798.6
20.0,1.6,800.0,1.2,393.6333333333333
20.0,1.6,850.0,1.2,134.86666666666667
20.0,1.6,900.0,1.2,186.33333333333334
20.0,1.6,601.0,1.3999999999999992,412.8
20.0,1.6,651.0,1.3999999999999992,660.2333333333333
20.0,1.6,701.0,1.3999999999999992,842.1333333333333
20.0,1.6,750.0666666666667,1.399666666666666,816.7666666666667
20.0,1.6,701.0,0.4000000000000002,453.06666666666666
20.0,1.6,800.0,1.3999999999999992,544.3333333333334
20.0,1.6,850.0,1.3999999999999992,200.43333333333334
20.0,1.6,900.0,1.3999999999999992,98.33333333333333
20.0,1.6,601.0,1.6000000000000008,280.3
20.0,1.6,651.0,1.6000000000000008,523.1333333333333
20.0,1.6,700.9333333333333,1.6000000000000008,781.9333333333333
20.0,1.6,750.0,1.6000000000000008,785.8666666666667
20.0,1.6,800.0,1.6000000000000008,641.5333333333333
20.0,1.6,850.0666666666667,1.6010000000000006,299.1
20.0,1.6,900.0,1.5996666666666675,117.76666666666667
20.0,1.6,750.0,0.4000000000000002,282.2
20.0,1.6,800.0,0.4000000000000002,107.03333333333333
20.0,1.6,850.0,0.4000000000000002,74.93333333333334
20.0,1.6,900.0,0.4000000000000002,57.766666666666666
20.0,1.6,601.0,0.6,2120.0333333333333
20.0,1.6,651.0,0.6,1677.1333333333334
20.0,2.0,701.0,0.6,461.43333333333334
20.0,2.0,750.0,0.6,321.93333333333334
20.0,2.0,800.0,0.6,163.56666666666666
20.0,2.0,850.0,0.6,70.2
20.0,2.0,900.0,0.6,45.333333333333336
20.0,2.0,601.0,0.8000000000000004,1483.4666666666667
20.0,2.0,651.0,0.8000000000000004,1426.3333333333333
20.0,2.0,701.0,0.8000000000000004,889.1666666666666
20.0,2.0,750.0,0.8000000000000004,286.3333333333333
20.0,2.0,800.0,0.8000000000000004,246.73333333333332
20.0,2.0,601.0,0.4000000000000002,1837.2
20.0,2.0,850.0,0.8000000000000004,100.2
20.0,2.0,900.0,0.8000000000000004,52.43333333333333
20.0,2.0,601.0,1.0,1014.4
20.0,2.0,650.6666666666666,1.0,1172.7666666666667
20.0,2.0,701.0,1.0,1017.7666666666667
20.0,2.0,750.0,1.0,525.8333333333334
20.0,2.0,800.0,1.0,238.2
20.0,2.0,850.0,1.0,417.4
20.0,2.0,900.0,1.0,389.73333333333335
20.0,2.0,601.0,1.2,625.1333333333333
20.0,2.0,651.0,0.4000000000000002,706.8333333333334
20.0,2.0,651.0,1.2,940.9333333333333
20.0,2.0,701.0,1.2,927.9
20.0,2.0,749.7333333333333,1.2,683.6
20.0,2.0,800.0,1.2,237.13333333333333
20.0,2.0,850.0,1.2,130.53333333333333
20.0,2.0,900.0,1.2,189.06666666666666
20.0,2.0,601.0,1.3999999999999992,472.0
20.0,2.0,651.0,1.3999999999999992,751.5666666666667
20.0,2.0,701.0,1.3999999999999992,818.2666666666667
20.0,2.0,750.0,1.3999999999999992,705.6666666666666
20.0,2.0,701.0,0.4000000000000002,384.96666666666664
20.0,2.0,800.0,1.3999999999999992,359.1666666666667
20.0,2.0,850.0,1.3993333333333327,124.43333333333334
20.0,2.0,900.0,1.3999999999999992,155.33333333333334
20.0,2.0,601.0,1.6000000000000008,357.06666666666666
20.0,2.0,651.0,1.6006666666666676,594.5333333333333
20.0,2.0,701.0,1.6000000000000008,726.7
20.0,2.0,750.0,1.6000000000000008,722.7
20.0,2.0,800.0,1.6000000000000008,492.56666666666666
20.0,2.0,850.0666666666667,1.6003333333333343,177.93333333333334
20.0,2.0,900.0,1.5996666666666675,87.3
20.0,2.0,750.0,0.4000000000000002,167.56666666666666
20.0,2.0,799.9333333333333,0.4000000000000002,92.66666666666667
20.0,2.0,850.0,0.4000000000000002,66.1
20.0,2.0,900.0,0.4000000000000002,51.03333333333333
20.0,2.0,601.0,0.6,2075.8
20.0,2.0,651.0,0.6,1358.9666666666667
20.0,2.4,701.0,0.6,331.93333333333334
20.0,2.4,750.0,0.6,288.7
20.0,2.4,800.0,0.6,98.63333333333334
20.0,2.4,850.0,0.6,62.1
20.0,2.4,900.0,0.6,40.63333333333333
20.0,2.4,601.0,0.8000000000000004,1498.5
20.0,2.4,651.0,0.8000000000000004,1323.7
20.0,2.4,701.0,0.8000000000000004,667.4
20.0,2.4,750.0,0.8000000000000004,212.43333333333334
20.0,2.4,800.0,0.8000000000000004,243.46666666666667
20.0,2.4,601.0,0.4000000000000002,1391.1333333333334
20.0,2.4,850.0,0.8000000000000004,71.3
20.0,2.4,900.0,0.8000000000000004,48.93333333333333
20.0,2.4,601.0,1.0,1125.3333333333333
20.0,2.4,650.3333333333334,1.0,1172.5666666666666
20.0,2.4,701.0,1.0,869.6
20.0,2.4,750.0,1.0,326.9
20.0,2.4,800.0,1.0,151.1
20.0,2.4,850.1333333333333,1.0,155.96666666666667
20.0,2.4,900.0,1.0,48.56666666666667
20.0,2.4,601.0,1.2,722.4
20.0,2.4,651.0,0.4000000000000002,574.4
20.0,2.4,651.0,1.2,935.3333333333334
20.0,2.4,701.0,1.2,863.9666666666667
20.0,2.4,749.7,1.2,541.7666666666667
20.0,2.4,800.0,1.2,157.8
20.0,2.4,850.0,1.2,160.63333333333333
20.0,2.4,900.0,1.2,64.23333333333333
20.0,2.4,601.0,1.3999999999999992,504.6666666666667
20.0,2.4,651.0,1.3999999999999992,785.7333333333333
20.0,2.4,701.0,1.3999999999999992,792.2
20.0,2.4,750.0666666666667,1.3999999999999992,614.2333333333333
20.0,2.4,701.0,0.4000000000000002,353.2
20.0,2.4,800.0666666666667,1.3999999999999992,245.9
20.0,2.4,850.0,1.399666666666666,96.76666666666667
20.0,2.4,900.0,1.3999999999999992,152.86666666666667
20.0,2.4,601.0,1.6000000000000008,395.93333333333334
20.0,2.4,651.0,1.600333333333334,659.5666666666667
20.0,2.4,700.9333333333333,1.6000000000000008,704.7333333333333
20.0,2.4,750.0,1.6000000000000008,632.7333333333333
20.0,2.4,800.0,1.6000000000000008,358.56666666666666
20.0,2.4,850.0,1.6000000000000008,118.5
20.0,2.4,900.0,1.6000000000000008,113.16666666666667
20.0,2.4,750.0,0.4000000000000002,125.83333333333333
20.0,2.4,800.0,0.4000000000000002,81.3
20.0,2.4,850.0,0.4000000000000002,62.13333333333333
20.0,2.4,900.0,0.4000000000000002,45.0
20.0,2.4,601.0,0.6,1991.1333333333334
20.0,2.4,651.0,0.6,1082.9666666666667
20.0,2.8000000000000003,701.0,0.6,341.73333333333335
20.0,2.8000000000000003,750.0,0.6,271.56666666666666
20.0,2.8000000000000003,800.0666666666667,0.6,79.73333333333333
20.0,2.8000000000000003,850.0,0.6,51.93333333333333
20.0,2.8000000000000003,900.0,0.6,37.03333333333333
20.0,2.8000000000000003,601.0,0.8000000000000004,1501.7666666666667
20.0,2.8000000000000003,651.0,0.8000000000000004,1206.8
20.0,2.8000000000000003,701.0,0.8000000000000004,484.4
20.0,2.8000000000000003,750.0,0.8000000000000004,203.8
20.0,2.8000000000000003,800.0,0.8000000000000004,198.13333333333333
20.0,2.8000000000000003,601.0,0.4000000000000002,1155.0
20.0,2.8000000000000003,850.0,0.8000000000000004,58.93333333333333
20.0,2.8000000000000003,900.0,0.8000000000000004,39.1
20.0,2.8000000000000003,601.0,1.0,1154.3666666666666
20.0,2.8000000000000003,650.6,1.0,1139.4666666666667
20.0,2.8000000000000003,701.0,1.0,730.6333333333333
20.0,2.8000000000000003,750.0,1.0,234.3
20.0,2.8000000000000003,800.0,1.0,197.46666666666667
20.0,2.8000000000000003,850.0666666666667,1.0,81.96666666666667
20.0,2.8000000000000003,900.0,1.0,44.1
20.0,2.8000000000000003,601.0,1.2,815.3666666666667
20.0,2.8000000000000003,651.0,0.4000000000000002,479.23333333333335
20.0,2.8000000000000003,651.0,1.2,931.6666666666666
20.0,2.8000000000000003,701.0,1.2,807.8666666666667
20.0,2.8000000000000003,749.7333333333333,1.2,406.6
20.0,2.8000000000000003,800.0,1.2,127.0
20.0,2.8000000000000003,850.0,1.2,188.8
20.0,2.8000000000000003,900.0,1.2,45.9
20.0,2.8000000000000003,601.0,1.3999999999999992,549.0333333333333
20.0,2.8000000000000003,651.0,1.3999999999999992,789.8333333333334
20.0,2.8000000000000003,701.0,1.3999999999999992,770.7666666666667
20.0,2.8000000000000003,750.0,1.3999999999999992,529.2666666666667
20.0,2.8000000000000003,701.0,0.4000000000000002,309.03333333333336
20.0,2.8000000000000003,800.0,1.3999999999999992,171.86666666666667
20.0,2.8000000000000003,850.0,1.3999999999999992,100.23333333333333
20.0,2.8000000000000003,900.0,1.3999999999999992,84.33333333333333
20.0,2.8000000000000003,601.0,1.6000000000000008,428.1333333333333
20.0,2.8000000000000003,651.0,1.6000000000000008,677.6333333333333
20.0,2.8000000000000003,700.9333333333333,1.6000000000000008,692.8666666666667
20.0,2.8000000000000003,750.0,1.6000000000000008,559.0666666666667
20.0,2.8000000000000003,800.0,1.6000000000000008,246.26666666666668
20.0,2.8000000000000003,850.0,1.6000000000000008,89.86666666666666
20.0,2.8000000000000003,900.0,1.6000000000000008,150.4
20.0,2.8000000000000003,750.0,0.4000000000000002,106.16666666666667
20.0,2.8000000000000003,800.0,0.4000000000000002,72.43333333333334
20.0,2.8000000000000003,850.0,0.4000000000000002,53.5
20.0,2.8000000000000003,900.0,0.4000000000000002,43.666666666666664
20.0,2.8000000000000003,601.0,0.6,1888.7666666666667
20.0,2.8000000000000003,651.0,0.6,836.6666666666666
20.0,0.4,701.0333333333333,0.6,2106.6
20.0,0.4,750.0,0.6,1840.6666666666667
20.0,0.4,800.0,0.6,1056.4
20.0,0.4,850.0,0.6,394.93333333333334
20.0,0.4,900.0,0.6,331.8333333333333
20.0,0.4,601.0,0.8000000000000004,876.2666666666667
20.0,0.4,651.0,0.8000000000000004,934.0666666666667
20.0,0.4,701.0,0.8000000000000004,1442.1333333333334
20.0,0.4,750.0,0.8000000000000004,1540.2666666666667
20.0,0.4,800.0,0.8000000000000004,1398.1666666666667
20.0,0.4,601.0,0.4000000000000002,3459.2
20.0,0.4,850.0,0.8000000000000004,881.3333333333334
20.0,0.4,900.0,0.8000000000000004,334.46666666666664
20.0,0.4,601.0,1.0,816.8333333333334
20.0,0.4,651.0,1.0,576.7666666666667
20.0,0.4,701.0,1.0,947.2
20.0,0.4,750.0,1.0,1314.2333333333333
20.0,0.4,800.0,1.0,1351.8666666666666
20.0,0.4,850.0,1.0,1116.1333333333334
20.0,0.4,900.0,1.0,633.1333333333333
20.0,0.4,601.0,1.2,166.5
20.0,0.4,651.0,0.4000000000000002,3516.0666666666666
20.0,0.4,651.0,1.2,488.76666666666665
20.0,0.4,701.0,1.2,691.7666666666667
20.0,0.4,749.9333333333333,1.2,988.2666666666667
20.0,0.4,800.0,1.2,1247.9
20.0,0.4,850.0,1.2,1182.5333333333333
20.0,0.4,900.0,1.2,980.1333333333333
20.0,0.4,601.0,1.3999999999999992,139.73333333333332
20.0,0.4,651.0,1.3999999999999992,809.6666666666666
20.0,0.4,701.0,1.3999999999999992,503.23333333333335
20.0,0.4,750.0,1.399666666666666,824.8666666666667
20.0,0.4,701.0,0.4000000000000002,2464.5666666666666
20.0,0.4,800.0,1.3999999999999992,1213.6
20.0,0.4,850.0,1.3999999999999992,1223.0
20.0,0.4,900.0,1.3999999999999992,1155.3
20.0,0.4,601.0,1.6000000000000008,133.16666666666666
20.0,0.4,651.0,1.6000000000000008,215.2
20.0,0.4,701.0,1.6000000000000008,392.93333333333334
20.0,0.4,750.0,1.6000000000000008,721.1333333333333
20.0,0.4,800.1333333333333,1.600333333333334,992.4666666666667
20.0,0.4,850.0666666666667,1.6000000000000008,1288.5333333333333
20.0,0.4,900.0,1.6000000000000008,1222.8
20.0,0.4,750.0,0.4000000000000002,1230.9666666666667
20.0,0.4,800.0,0.4000000000000002,716.5333333333333
20.0,0.4,850.0,0.4000000000000002,670.6
20.0,0.4,900.0,0.4000000000000002,693.0
20.0,0.4,601.0,0.6,1118.1666666666667
20.0,0.4,651.2666666666667,0.6,1845.1
20.0,0.8,701.0,0.6,1762.7333333333333
20.0,0.8,750.0,0.6,878.3
20.0,0.8,800.0,0.6,467.3666666666667
20.0,0.8,850.0,0.6,562.0666666666667
20.0,0.8,900.0,0.6,572.9
20.0,0.8,601.0,0.8000000000000004,906.5333333333333
20.0,0.8,651.0,0.8000000000000004,1438.2666666666667
20.0,0.8,701.0,0.8000000000000004,1498.0333333333333
20.0,0.8,750.0,0.8000000000000004,1204.0666666666666
20.0,0.8,800.0,0.8000000000000004,577.0666666666667
20.0,0.8,601.0,0.4000000000000002,3494.9666666666667
20.0,0.8,850.0,0.8000000000000004,210.2
20.0,0.8,900.0,0.8000000000000004,254.8
20.0,0.8,601.0,1.0,532.7333333333333
20.0,0.8,651.0,1.0,906.7666666666667
20.0,0.8,701.0,1.0,1219.2666666666667
20.0,0.8,750.0,1.0,1194.1
20.0,0.8,800.0,1.0,883.7666666666667
20.0,0.8,850.0,1.0,349.76666666666665
20.0,0.8,900.0,1.0,153.33333333333334
20.0,0.8,600.9333333333333,1.2,399.6
20.0,0.8,651.0,0.4000000000000002,2265.4333333333334
20.0,0.8,651.0,1.2,640.6333333333333
20.0,0.8,701.0,1.2,976.8
20.0,0.8,749.8666666666667,1.2,1069.9666666666667
20.0,0.8,800.0,1.2,997.5666666666667
20.0,0.8,850.0,1.2,645.6
20.0,0.8,900.0,1.2,245.16666666666666
20.0,0.8,601.0,1.3999999999999992,795.0666666666667
20.0,0.8,651.0,1.3999999999999992,474.3666666666667
20.0,0.8,701.0,1.3999999999999992,729.5333333333333
20.0,0.8,750.0,1.3999999999999992,1000.4333333333333
20.0,0.8,701.0,0.4000000000000002,1066.6
20.0,0.8,800.0666666666667,1.3999999999999992,1008.0333333333333
20.0,0.8,850.0,1.3999999999999992,795.7
20.0,0.8,900.0,1.3999999999999992,408.26666666666665
20.0,0.8,601.0,1.6000000000000008,170.43333333333334
20.0,0.8,651.0,1.6000000000000008,348.96666666666664
20.0,0.8,701.0,1.6000000000000008,600.8
20.0,0.8,750.0,1.6000000000000008,905.6333333333333
20.0,0.8,800.0,1.6000000000000008,937.7
20.0,0.8,850.2,1.6000000000000008,871.0666666666667
20.0,0.8,900.0,1.6000000000000008,578.3666666666667
20.0,0.8,750.0,0.4000000000000002,487.8333333333333
20.0,0.8,800.0,0.4000000000000002,375.96666666666664
20.0,0.8,850.0,0.4000000000000002,157.56666666666666
20.0,0.8,900.0,0.4000000000000002,134.93333333333334
20.0,0.8,601.0,0.6,1825.1666666666667
20.0,0.8,651.0,0.6,2130.2
25.0,1.2,701.0,0.6,1474.5666666666666
25.0,1.2,750.0,0.6,549.6
25.0,1.2,800.0,0.6,566.2
25.0,1.2,850.0,0.6,540.1666666666666
25.0,1.2,900.1333333333333,0.6,623.7666666666667
25.0,1.2,601.0,0.8000000000000004,1501.7
25.0,1.2,651.3333333333334,0.8000000000000004,1887.1666666666667
25.0,1.2,701.0,0.8000000000000004,1723.1333333333334
25.0,1.2,750.0,0.8000000000000004,1012.1666666666666
25.0,1.2,800.0,0.8000000000000004,453.26666666666665
25.0,1.2,601.0666666666667,0.4000000000000002,3521.866666666667
25.0,1.2,850.0,0.8000000000000004,635.9333333333333
25.0,1.2,900.0,0.8000000000000004,682.5666666666667
25.0,1.2,601.0,1.0,920.9333333333333
25.0,1.2,651.0,1.0,1423.2
25.0,1.2,701.0,1.0,1518.1666666666667
25.0,1.2,750.0,1.0,1186.7333333333333
25.0,1.2,799.9333333333333,1.0,519.2
25.0,1.2,850.0,1.0,195.53333333333333
25.0,1.2,900.0,1.0,271.03333333333336
25.0,1.2,601.0,1.2006666666666665,584.7333333333333
25.0,1.2,651.0,0.4000000000000002,1736.9
25.0,1.2,651.0,1.2,972.9333333333333
25.0,1.2,701.0,1.2,1245.6666666666667
25.0,1.2,750.0,1.2,1214.6333333333334
25.0,1.2,800.0,1.2,832.6333333333333
25.0,1.2,850.0,1.2,308.1
25.0,1.2,900.0,1.2,150.96666666666667
25.0,1.2,601.0,1.3999999999999992,352.06666666666666
25.0,1.2,651.0,1.3999999999999992,729.4
25.0,1.2,701.0,1.3999999999999992,1091.9333333333334
25.0,1.2,750.0,1.3999999999999992,1136.5333333333333
25.0,1.2,701.0,0.4000000000000002,745.1333333333333
25.0,1.2,800.0,1.3999999999999992,952.8333333333334
25.0,1.2,850.0,1.4006666666666658,511.3333333333333
25.0,1.2,900.0,1.3999999999999992,185.0
25.0,1.2,601.0,1.6000000000000008,555.3
25.0,1.2,651.0,1.6000000000000008,586.3
25.0,1.2,701.0,1.6000000000000008,897.8
25.0,1.2,750.0,1.6000000000000008,1038.7666666666667
25.0,1.2,800.0,1.6000000000000008,990.6333333333333
25.0,1.2,850.0,1.6000000000000008,716.3666666666667
25.0,1.2,900.0,1.6000000000000008,274.1333333333333
25.0,1.2,750.0,0.4000000000000002,459.23333333333335
25.0,1.2,800.0,0.4000000000000002,189.43333333333334
25.0,1.2,850.0,0.4000000000000002,113.4
25.0,1.2,900.0,0.4000000000000002,84.06666666666666
25.0,1.2,601.0,0.6,2591.633333333333
25.0,1.2,651.0,0.6,2436.3333333333335
25.0,1.6,701.0,0.6,925.6
25.0,1.6,750.0,0.6,419.06666666666666
25.0,1.6,800.0,0.6,328.53333333333336
25.0,1.6,850.0,0.6,111.63333333333334
25.0,1.6,900.0,0.6,69.33333333333333
25.0,1.6,601.0,0.8000000000000004,1791.6666666666667
25.0,1.6,651.1333333333333,0.8000000000000004,1870.6666666666667
25.0,1.6,701.0,0.8000000000000004,1448.5666666666666
25.0,1.6,750.0,0.8000000000000004,603.9666666666667
25.0,1.6,800.0,0.8000000000000004,418.56666666666666
25.0,1.6,601.0,0.4000000000000002,2762.5666666666666
25.0,1.6,850.0,0.8000000000000004,566.6333333333333
25.0,1.6,900.0,0.8000000000000004,603.2333333333333
25.0,1.6,601.0,1.0,1111.4666666666667
25.0,1.6,651.0,1.0003333333333333,1467.1
25.0,1.6,701.0,1.0,1461.1333333333334
25.0,1.6,750.0,1.0,946.5
25.0,1.6,800.0,1.0,410.7
25.0,1.6,850.0,1.0,524.2666666666667
25.0,1.6,900.0,1.0,653.5333333333333
25.0,1.6,601.0,1.2,701.8666666666667
25.0,1.6,651.0,0.4000000000000002,1240.6666666666667
25.0,1.6,651.0,1.201,1124.7666666666667
25.0,1.6,701.0,1.2,1187.2
25.0,1.6,750.0,1.2,1010.2
25.0,1.6,800.0,1.2,486.3666666666667
25.0,1.6,850.0,1.2,169.3
25.0,1.6,900.0,1.2,236.66666666666666
25.0,1.6,601.0,1.3999999999999992,515.4333333333333
25.0,1.6,651.0,1.3999999999999992,833.4
25.0,1.6,701.0,1.3999999999999992,1055.7666666666667
25.0,1.6,750.0,1.3999999999999992,1024.6333333333334
25.0,1.6,701.0,0.4000000000000002,561.2666666666667
25.0,1.6,800.0666666666667,1.3999999999999992,707.3666666666667
25.0,1.6,850.0,1.4003333333333325,248.7
25.0,1.6,900.0,1.4013333333333327,128.5
25.0,1.6,600.9333333333333,1.6010000000000006,347.5
25.0,1.6,651.0,1.6003333333333343,643.0666666666667
25.0,1.6,701.0,1.6000000000000008,963.2333333333333
25.0,1.6,750.0,1.600333333333334,981.5
25.0,1.6,800.0,1.6000000000000008,788.4666666666667
25.0,1.6,850.0,1.6000000000000008,411.5
25.0,1.6,900.0,1.6000000000000008,143.73333333333332
25.0,1.6,750.0,0.4000000000000002,369.06666666666666
25.0,1.6,800.0,0.4000000000000002,134.33333333333334
25.0,1.6,850.2,0.4000000000000002,96.76666666666667
25.0,1.6,900.0,0.4000000000000002,73.16666666666667
25.0,1.6,601.0,0.6,2626.1
25.0,1.6,651.0,0.6,2094.0
25.0,2.0,701.0,0.6,581.9666666666667
25.0,2.0,750.0,0.6,401.3666666666667
25.0,2.0,800.0,0.6,195.8
25.0,2.0,850.0,0.6,87.73333333333333
25.0,2.0,900.0,0.6,58.1
25.0,2.0,601.0,0.8000000000000004,1846.8
25.0,2.0,651.0,0.8000000000000004,1779.8666666666666
25.0,2.0,701.0,0.8000000000000004,1117.5
25.0,2.0,750.0,0.8000000000000004,348.1
25.0,2.0,800.0,0.8000000000000004,316.96666666666664
25.0,2.0,601.0,0.4000000000000002,2169.5
25.0,2.0,850.0,0.8000000000000004,135.1
25.0,2.0,900.0,0.8000000000000004,64.26666666666667
25.0,2.0,601.0,1.0,1291.2333333333333
25.0,2.0,651.0,1.0,1474.4666666666667
25.0,2.0,701.0,1.0,1398.1666666666667
25.0,2.0,750.0,1.0,674.6
25.0,2.0,800.0,1.0,322.23333333333335
25.0,2.0,850.0,1.0,514.0333333333333
25.0,2.0,900.0,1.0,465.1
25.0,2.0,601.0,1.2003333333333333,779.7666666666667
25.0,2.0,651.0,0.4000000000000002,912.9333333333333
25.0,2.0,651.0,1.2013333333333334,1169.1666666666667
25.0,2.0,701.0,1.2,1159.4333333333334
25.0,2.0,750.0,1.2,840.0
25.0,2.0,800.0,1.2,316.3333333333333
25.0,2.0,850.0,1.2,175.6
25.0,2.0,900.0,1.2,247.13333333333333
25.0,2.0,601.0,1.3999999999999992,583.1666666666666
25.0,2.0,651.0,1.3999999999999992,929.9666666666667
25.0,2.0,701.0,1.3999999999999992,1016.5
25.0,2.0,750.0,1.3999999999999992,897.2666666666667
25.0,2.0,701.0,0.4000000000000002,484.3
25.0,2.0,800.0,1.3999999999999992,459.0
25.0,2.0,850.0,1.3999999999999992,149.96666666666667
25.0,2.0,900.0,1.3999999999999992,195.06666666666666
25.0,2.0,601.0,1.6000000000000008,450.7
25.0,2.0,651.0,1.600333333333334,705.0
25.0,2.0,701.0,1.6000000000000008,924.9
25.0,2.0,750.0,1.6000000000000008,888.5666666666667
25.0,2.0,800.0,1.6000000000000008,611.2
25.0,2.0,850.0,1.6000000000000008,243.03333333333333
25.0,2.0,900.0,1.6000000000000008,108.86666666666666
25.0,2.0,750.0,0.4000000000000002,222.1
25.0,2.0,800.0,0.4000000000000002,113.16666666666667
25.0,2.0,850.1333333333333,0.4000000000000002,84.26666666666667
25.0,2.0,900.0,0.4000000000000002,63.96666666666667
25.0,2.0,601.0,0.6,2535.4333333333334
25.0,2.0,651.0,0.6,1713.3333333333333
25.0,2.4,701.0,0.6,438.43333333333334
25.0,2.4,750.0,0.6,361.53333333333336
25.0,2.4,799.9333333333333,0.6,122.6
25.0,2.4,850.0,0.6,77.1
25.0,2.4,900.0,0.6,52.56666666666667
25.0,2.4,601.0,0.8000000000000004,1880.8333333333333
25.0,2.4,651.0,0.8000000000000004,1658.1666666666667
25.0,2.4,701.0,0.8000000000000004,834.9666666666667
25.0,2.4,750.0,0.8000000000000004,262.3333333333333
25.0,2.4,800.0,0.8000000000000004,289.56666666666666
25.0,2.4,601.0,0.4000000000000002,1756.7333333333333
25.0,2.4,850.0,0.8000000000000004,88.13333333333334
25.0,2.4,900.0,0.8000000000000004,57.5
25.0,2.4,601.0,1.0,1433.9333333333334
25.0,2.4,651.0,1.0,1445.9
25.0,2.4,701.0,1.0,1250.5666666666666
25.0,2.4,750.0,1.0,416.6
25.0,2.4,800.0,1.0,191.2
25.0,2.4,850.0,1.0,200.1
25.0,2.4,900.0,1.0,59.833333333333336
25.0,2.4,601.0,1.2,904.7666666666667
25.0,2.4,651.0,0.4000000000000002,715.7666666666667
25.0,2.4,651.0,1.2,1165.7666666666667
25.0,2.4,701.0,1.2,1084.1333333333334
25.0,2.4,750.0,1.2,672.6666666666666
25.0,2.4,799.9333333333333,1.2,203.4
25.0,2.4,850.0,1.2,197.96666666666667
25.0,2.4,900.0,1.2,85.46666666666667
25.0,2.4,601.0,1.3999999999999992,639.4
25.0,2.4,651.0,1.3999999999999992,978.3666666666667
25.0,2.4,701.0,1.3999999999999992,999.3
25.0,2.4,750.0,1.4003333333333325,758.3
25.0,2.4,701.0,0.4000000000000002,430.73333333333335
25.0,2.4,800.0,1.3999999999999992,301.26666666666665
25.0,2.4,850.0,1.3999999999999992,120.33333333333333
25.0,2.4,900.0,1.3999999999999992,198.46666666666667
25.0,2.4,601.0,1.6000000000000008,487.6333333333333
25.0,2.4,651.0,1.6000000000000008,803.3666666666667
25.0,2.4,701.0,1.6000000000000008,874.1
25.0,2.4,750.0,1.6003333333333343,787.3333333333334
25.0,2.4,800.0,1.6000000000000008,449.03333333333336
25.0,2.4,850.0,1.6000000000000008,158.66666666666666
25.0,2.4,900.0,1.6000000000000008,128.5
25.0,2.4,749.9666666666667,0.4000000000000002,163.63333333333333
25.0,2.4,800.0,0.4000000000000002,101.2
25.0,2.4,850.1333333333333,0.4000000000000002,73.43333333333334
25.0,2.4,900.0,0.4000000000000002,56.36666666666667
25.0,2.4,601.0,0.6,2446.7
25.0,2.4,651.0,0.6,1358.7333333333333
25.0,2.8000000000000003,701.0,0.6,408.73333333333335
25.0,2.8000000000000003,750.0,0.6,333.93333333333334
25.0,2.8000000000000003,799.9333333333333,0.6,105.83333333333333
25.0,2.8000000000000003,850.0,0.6,70.0
25.0,2.8000000000000003,900.0,0.6,47.4
25.0,2.8000000000000003,601.0,0.8000000000000004,1868.9333333333334
25.0,2.8000000000000003,651.0,0.8000000000000004,1506.9
25.0,2.8000000000000003,701.0,0.8000000000000004,618.4333333333333
25.0,2.8000000000000003,750.0,0.8000000000000004,252.2
25.0,2.8000000000000003,800.0,0.8000000000000004,239.4
25.0,2.8000000000000003,601.0,0.4000000000000002,1451.1333333333334
25.0,2.8000000000000003,850.0,0.8000000000000004,76.1
25.0,2.8000000000000003,900.0,0.8000000000000004,48.13333333333333
25.0,2.8000000000000003,601.0,1.0,1437.3
25.0,2.8000000000000003,651.0,1.0,1431.9
25.0,2.8000000000000003,701.0,0.9996666666666667,1109.7333333333333
25.0,2.8000000000000003,750.0,1.0,299.3666666666667
25.0,2.8000000000000003,800.0,1.0,250.46666666666667
25.0,2.8000000000000003,850.0,1.0,109.9
25.0,2.8000000000000003,900.0,1.0,49.9
25.0,2.8000000000000003,601.0,1.2,1033.3333333333333
25.0,2.8000000000000003,651.0,0.4000000000000002,600.1333333333333
25.0,2.8000000000000003,651.0,1.2,1175.1333333333334
25.0,2.8000000000000003,701.0,1.2,1005.8
25.0,2.8000000000000003,750.0,1.2,503.76666666666665
25.0,2.8000000000000003,800.0,1.2,158.23333333333332
25.0,2.8000000000000003,850.0,1.2,233.16666666666666
25.0,2.8000000000000003,900.0,1.2,60.766666666666666
25.0,2.8000000000000003,601.0,1.3999999999999992,687.6666666666666
25.0,2.8000000000000003,651.0,1.3999999999999992,993.8
25.0,2.8000000000000003,701.0,1.3999999999999992,969.8666666666667
25.0,2.8000000000000003,750.0,1.3999999999999992,662.8333333333334
25.0,2.8000000000000003,701.0,0.4000000000000002,379.6333333333333
25.0,2.8000000000000003,800.0,1.3999999999999992,218.16666666666666
25.0,2.8000000000000003,850.0,1.3999999999999992,125.1
25.0,2.8000000000000003,900.0,1.3993333333333327,92.13333333333334
25.0,2.8000000000000003,601.0,1.6000000000000008,527.2666666666667
25.0,2.8000000000000003,651.0,1.6000000000000008,823.6333333333333
25.0,2.8000000000000003,701.0,1.6000000000000008,872.9333333333333
25.0,2.8000000000000003,750.0,1.600333333333334,698.6
25.0,2.8000000000000003,800.0,1.6000000000000008,300.9
25.0,2.8000000000000003,850.0,1.6000000000000008,118.56666666666666
25.0,2.8000000000000003,900.0,1.6000000000000008,189.23333333333332
25.0,2.8000000000000003,750.0,0.4000000000000002,142.56666666666666
25.0,2.8000000000000003,800.0,0.4000000000000002,90.13333333333334
25.0,2.8000000000000003,850.2,0.4000000000000002,68.13333333333334
25.0,2.8000000000000003,900.0,0.4000000000000002,53.06666666666667
25.0,2.8000000000000003,601.0,0.6,2313.5666666666666
25.0,2.8000000000000003,651.0,0.6,1044.8666666666666
25.0,0.4,701.0,0.6,2614.3333333333335
25.0,0.4,750.1333333333333,0.6,2349.366666666667
25.0,0.4,800.0,0.6,1333.9666666666667
25.0,0.4,850.0,0.6,536.6
25.0,0.4,900.0,0.6,415.5
25.0,0.4,601.0,0.8000000000000004,1098.8333333333333
25.0,0.4,651.2,0.8000000000000004,1163.8
25.0,0.4,701.0,0.8000000000000004,1785.9333333333334
25.0,0.4,750.0,0.8000000000000004,1935.0
25.0,0.4,800.0,0.8000000000000004,1728.0
25.0,0.4,601.0,0.4000000000000002,4392.466666666666
25.0,0.4,850.0,0.8000000000000004,1137.8333333333333
25.0,0.4,900.0,0.8000000000000004,451.3333333333333
25.0,0.4,601.0,1.0,1033.1
25.0,0.4,651.0,1.0,714.7333333333333
25.0,0.4,701.0,1.0,1159.4333333333334
25.0,0.4,749.9666666666667,1.0,1647.8333333333333
25.0,0.4,800.0,1.0,1679.7
25.0,0.4,850.0,1.0,1429.6
25.0,0.4,900.0,1.0,842.4
25.0,0.4,601.0,1.2,206.26666666666668
25.0,0.4,651.0,0.4000000000000002,4417.733333333334
25.0,0.4,651.0,1.2,831.2666666666667
25.0,0.4,701.0,1.2,843.0666666666667
25.0,0.4,750.0,1.2,1251.3333333333333
25.0,0.4,800.0,1.2,1550.9333333333334
25.0,0.4,850.0,1.2,1491.6333333333334
25.0,0.4,900.0,1.2,1247.8333333333333
25.0,0.4,601.0,1.3999999999999992,163.63333333333333
25.0,0.4,651.0,1.3999999999999992,1017.2666666666667
25.0,0.4,701.0,1.4003333333333325,618.8333333333334
25.0,0.4,750.0,1.3999999999999992,1030.1333333333334
25.0,0.4,701.0,0.4000000000000002,3053.9
25.0,0.4,800.1333333333333,1.3999999999999992,1475.6333333333334
25.0,0.4,850.0,1.3999999999999992,1562.8333333333333
25.0,0.4,900.0,1.3999999999999992,1430.9
25.0,0.4,601.0,1.6010000000000006,155.43333333333334
25.0,0.4,651.0,1.6000000000000008,234.73333333333332
25.0,0.4,701.0,1.6000000000000008,609.0333333333333
25.0,0.4,750.0,1.6020000000000008,811.8
25.0,0.4,800.0,1.6003333333333343,1241.5
25.0,0.4,850.0,1.6000000000000008,1542.5
25.0,0.4,900.0,1.6000000000000008,1414.6666666666667
25.0,0.4,750.0,0.4000000000000002,1572.6333333333334
25.0,0.4,800.0,0.4000000000000002,904.6666666666666
25.0,0.4,850.2666666666667,0.4000000000000002,819.2
25.0,0.4,900.0,0.4000000000000002,882.9
25.0,0.4,601.2,0.6,1395.9333333333334
25.0,0.4,651.0,0.6,2276.0666666666666
25.0,0.8,701.0,0.6,2201.633333333333
25.0,0.8,750.0666666666667,0.6,1156.5666666666666
25.0,0.8,800.0,0.6,577.1
25.0,0.8,850.0,0.6,697.9
25.0,0.8,900.0,0.6,732.4666666666667
25.0,0.8,601.0,0.8000000000000004,1122.8
25.0,0.8,651.0,0.7996666666666671,1778.4333333333334
25.0,0.8,701.0,0.8000000000000004,1875.3
25.0,0.8,750.0,0.8000000000000004,1517.3333333333333
25.0,0.8,800.0,0.8000000000000004,724.4666666666667
25.0,0.8,601.0,0.4000000000000002,4336.3
25.0,0.8,850.0,0.8000000000000004,262.6
25.0,0.8,900.0,0.8000000000000004,315.53333333333336
25.0,0.8,601.0,1.0,694.3333333333334
25.0,0.8,651.0,1.0,1131.9
25.0,0.8,701.0,1.0,1491.7
25.0,0.8,750.0,1.0,1504.6666666666667
25.0,0.8,799.9333333333333,1.0,1082.1
25.0,0.8,850.0,1.0,459.96666666666664
25.0,0.8,900.0,1.0,198.7
25.0,0.8,601.0,1.2,641.4333333333333
25.0,0.8,651.0,0.4000000000000002,2754.4333333333334
25.0,0.8,651.0,1.2,778.9333333333333
25.0,0.8,701.0,1.2,1219.5333333333333
25.0,0.8,750.0,1.2,1348.8
25.0,0.8,800.0666666666667,1.2,1233.0666666666666
25.0,0.8,850.0,1.2,785.4333333333333
25.0,0.8,900.0,1.2,312.43333333333334
25.0,0.8,601.0,1.3999999999999992,983.3333333333334
25.0,0.8,651.0,1.3999999999999992,591.5666666666667
25.0,0.8,701.0,1.3999999999999992,913.6
25.0,0.8,750.0,1.3999999999999992,1234.5333333333333
25.0,0.8,701.0,0.4000000000000002,1291.1666666666667
25.0,0.8,800.0,1.3999999999999992,1243.2666666666667
25.0,0.8,850.0,1.3999999999999992,992.5666666666667
25.0,0.8,900.0,1.3999999999999992,505.53333333333336
25.0,0.8,601.0,1.6010000000000004,206.53333333333333
25.0,0.8,651.0,1.600333333333334,410.73333333333335
25.0,0.8,701.0,1.6000000000000008,745.8666666666667
25.0,0.8,750.0,1.6010000000000006,1099.6666666666667
25.0,0.8,800.0,1.6000000000000008,1152.2333333333333
25.0,0.8,850.0,1.6000000000000008,1079.0
25.0,0.8,900.0,1.6003333333333343,716.3666666666667
25.0,0.8,750.0,0.4000000000000002,648.0
25.0,0.8,800.0,0.4000000000000002,469.2
25.0,0.8,850.3333333333334,0.4000000000000002,199.9
25.0,0.8,900.0,0.4000000000000002,502.7
25.0,0.8,601.0,0.6,2314.0333333333333
25.0,0.8,651.0,0.6,2637.4666666666667
30.0,1.2,701.0,0.5996666666666666,1761.7
30.0,1.2,750.0,0.599,701.7666666666667
30.0,1.2,800.0,0.599,675.2
30.0,1.2,850.0,0.599,622.9
30.0,1.2,900.0,0.5993333333333334,764.2333333333333
30.0,1.2,601.0,0.8000000000000004,1769.9666666666667
30.0,1.2,651.0,0.8000000000000004,2288.3333333333335
30.0,1.2,700.9333333333333,0.8000000000000004,2089.9333333333334
30.0,1.2,750.0,0.8000000000000004,1249.7333333333333
30.0,1.2,800.0,0.8000000000000004,558.4666666666667
30.0,1.2,601.0,0.4000000000000002,4311.266666666666
30.0,1.2,850.0,0.8000000000000004,766.4333333333333
30.0,1.2,900.0,0.8000000000000004,835.9666666666667
30.0,1.2,601.0,0.9993333333333333,1062.3666666666666
30.0,1.2,651.0,0.9993333333333333,1717.5
30.0,1.2,701.0,1.0,1785.5333333333333
30.0,1.2,750.0,1.0,1449.9333333333334
30.0,1.2,800.0666666666667,1.0,643.7333333333333
30.0,1.2,850.0,1.0,243.3
30.0,1.2,900.0,0.9996666666666666,327.06666666666666
30.0,1.2,601.0,1.2,701.0
30.0,1.2,650.6,0.4000000000000002,2189.133333333333
30.0,1.2,651.0,1.2,1182.2333333333333
30.0,1.2,701.0,1.2,1493.7333333333333
30.0,1.2,750.0,1.2,1437.7
30.0,1.2,800.0,1.2,1041.2333333333333
30.0,1.2,850.0,1.2,397.3666666666667
30.0,1.2,900.0666666666667,1.2,186.03333333333333
30.0,1.2,601.0,1.3999999999999992,418.76666666666665
30.0,1.2,651.0,1.3939999999999997,879.3
30.0,1.2,701.0,1.3969999999999996,1325.5333333333333
30.0,1.2,750.0,1.3963333333333332,1363.6333333333334
30.0,1.2,701.0,0.4000000000000002,925.3
30.0,1.2,800.0,1.396,1159.5333333333333
30.0,1.2,850.0666666666667,1.3939999999999997,640.5
30.0,1.2,900.0,1.3966666666666663,230.96666666666667
30.0,1.2,601.0,1.5990000000000009,552.7333333333333
30.0,1.2,651.0,1.598333333333334,700.3333333333334
30.0,1.2,701.0,1.592000000000001,1101.2333333333333
30.0,1.2,750.0,1.5926666666666676,1248.4333333333334
30.0,1.2,800.0666666666667,1.5930000000000009,1198.3
30.0,1.2,850.0,1.5996666666666675,880.0666666666667
30.0,1.2,900.0,1.595000000000001,346.3
30.0,1.2,750.0,0.4000000000000002,555.0666666666667
30.0,1.2,799.9333333333333,0.4000000000000002,235.93333333333334
30.0,1.2,850.0,0.4000000000000002,134.1
30.0,1.2,900.0666666666667,0.4000000000000002,100.36666666666666
30.0,1.2,601.0,0.5986666666666666,3184.3
30.0,1.2,651.0,0.6,2972.766666666667
30.0,1.6,701.0,0.5996666666666666,1136.9333333333334
30.0,1.6,750.0,0.5996666666666666,515.1333333333333
30.0,1.6,800.0,0.6,384.3333333333333
30.0,1.6,850.0,0.5993333333333333,132.5
30.0,1.6,900.0,0.598,85.73333333333333
30.0,1.6,601.0,0.8000000000000004,2116.4
30.0,1.6,651.0,0.8000000000000004,2268.6666666666665
30.0,1.6,701.0,0.8000000000000004,1757.4
30.0,1.6,750.0,0.8000000000000004,764.1333333333333
30.0,1.6,800.0,0.8000000000000004,497.46666666666664
30.0,1.6,601.0,0.4000000000000002,3449.7
30.0,1.6,850.0,0.8000000000000004,693.9333333333333
30.0,1.6,900.0,0.8000000000000004,722.8333333333334
30.0,1.6,601.0,1.0,1279.7666666666667
30.0,1.6,651.0,0.9993333333333333,1784.9333333333334
30.0,1.6,701.0,1.0,1713.8
30.0,1.6,750.0,0.9996666666666666,1156.8
30.0,1.6,800.0,0.9996666666666666,654.6333333333333
30.0,1.6,850.0,1.0,642.3
30.0,1.6,899.9333333333333,1.0,806.5
30.0,1.6,601.0,1.2,863.7666666666667
30.0,1.6,650.4,0.4000000000000002,1540.1
30.0,1.6,651.0,1.2,1365.0333333333333
30.0,1.6,701.0,1.1993333333333331,1443.2333333333333
30.0,1.6,750.0,1.2,1215.2666666666667
30.0,1.6,800.0,1.2,589.4
30.0,1.6,850.0,1.2,212.96666666666667
30.0,1.6,900.0,1.2,278.6333333333333
30.0,1.6,601.0,1.3999999999999992,607.2333333333333
30.0,1.6,650.9333333333333,1.3920000000000001,1003.3666666666667
30.0,1.6,701.0,1.3999999999999992,1248.2
30.0,1.6,750.0,1.3956666666666666,1233.5
30.0,1.6,701.1666666666666,0.4000000000000002,675.9
30.0,1.6,800.1333333333333,1.395333333333333,863.9333333333333
30.0,1.6,850.0666666666667,1.392666666666667,320.06666666666666
30.0,1.6,900.0,1.3969999999999996,151.43333333333334
30.0,1.6,601.0,1.5990000000000009,421.9
30.0,1.6,651.0,1.5973333333333342,758.5
30.0,1.6,701.0333333333333,1.5946666666666678,1157.1
30.0,1.6,750.0,1.5986666666666676,1170.8
30.0,1.6,800.0,1.593000000000001,966.4666666666667
30.0,1.6,850.0,1.5996666666666675,489.7
30.0,1.6,900.0,1.591666666666668,171.83333333333334
30.0,1.6,750.0,0.4000000000000002,448.26666666666665
30.0,1.6,799.8,0.4000000000000002,166.7
30.0,1.6,850.0,0.4000000000000002,114.9
30.0,1.6,900.2,0.4000000000000002,89.3
30.0,1.6,600.8,0.5993333333333333,3202.0333333333333
30.0,1.6,651.0,0.5996666666666666,2575.9
30.0,2.0,701.0,0.5996666666666666,712.7666666666667
30.0,2.0,750.0,0.5986666666666666,491.8333333333333
30.0,2.0,800.0,0.6,244.4
30.0,2.0,850.0,0.5989999999999999,111.8
30.0,2.0,900.0,0.599,72.93333333333334
30.0,2.0,600.8,0.8000000000000004,2217.366666666667
30.0,2.0,651.0,0.8000000000000004,2177.3
30.0,2.0,701.0,0.8000000000000004,1387.4
30.0,2.0,750.0,0.8000000000000004,443.4
30.0,2.0,800.0,0.8000000000000004,381.3666666666667
30.0,2.0,601.0,0.4000000000000002,2737.4666666666667
30.0,2.0,850.0,0.8000000000000004,166.9
30.0,2.0,900.0,0.8000000000000004,78.2
30.0,2.0,601.0,1.0,1550.0
30.0,2.0,651.0,0.999,1787.3666666666666
30.0,2.0,701.0,0.9993333333333333,1561.0333333333333
30.0,2.0,750.0,0.9986666666666666,819.8
30.0,2.0,800.0666666666667,1.0,502.0
30.0,2.0,850.0,1.0,626.7666666666667
30.0,2.0,900.0,1.0,582.1
30.0,2.0,601.0,1.2,954.4333333333333
30.0,2.0,650.1333333333333,0.4000000000000002,1149.6666666666667
30.0,2.0,651.0,1.2,1417.4
30.0,2.0,701.0,1.2,1423.4333333333334
30.0,2.0,750.0,1.2,1038.5
30.0,2.0,800.0,1.2,372.3333333333333
30.0,2.0,850.0,1.2,215.13333333333333
30.0,2.0,900.0,1.2,308.0
30.0,2.0,601.0,1.3999999999999992,687.1333333333333
30.0,2.0,651.0,1.3966666666666663,1133.8333333333333
30.0,2.0,701.0,1.399666666666666,1220.7
30.0,2.0,750.0,1.3976666666666662,1060.8
30.0,2.0,701.0333333333333,0.4000000000000002,582.3666666666667
30.0,2.0,800.0,1.3959999999999997,559.2333333333333
30.0,2.0,850.0,1.3999999999999992,184.86666666666667
30.0,2.0,900.0,1.396,221.9
30.0,2.0,601.0,1.5950000000000009,531.3333333333334
30.0,2.0,651.0,1.596000000000001,864.4333333333333
30.0,2.0,701.0,1.5923333333333345,1098.7666666666667
30.0,2.0,750.0,1.598000000000001,1065.0
30.0,2.0,800.0,1.5933333333333342,765.4333333333333
30.0,2.0,850.0,1.5976666666666677,278.76666666666665
30.0,2.0,900.0,1.5916666666666677,128.16666666666666
30.0,2.0,750.0,0.4000000000000002,280.93333333333334
30.0,2.0,799.4666666666667,0.4000000000000002,140.06666666666666
30.0,2.0,850.0,0.4000000000000002,101.6
30.0,2.0,900.0,0.4000000000000002,75.36666666666666
30.0,2.0,600.9333333333333,0.598,3144.8
30.0,2.0,650.9333333333333,0.5996666666666666,2106.2
30.0,2.4,701.0,0.6,536.5
30.0,2.4,750.0,0.6,440.53333333333336
30.0,2.4,799.9333333333333,0.5996666666666666,149.06666666666666
30.0,2.4,850.0,0.5983333333333332,89.93333333333334
30.0,2.4,900.0,0.5983333333333332,60.7
30.0,2.4,601.0,0.8000000000000004,2263.4666666666667
30.0,2.4,651.0,0.8000000000000004,1993.9
30.0,2.4,700.6,0.8000000000000004,1041.5
30.0,2.4,750.0,0.8000000000000004,326.43333333333334
30.0,2.4,800.0,0.8000000000000004,354.0
30.0,2.4,601.0,0.4000000000000002,2187.2
30.0,2.4,850.0,0.8000000000000004,107.83333333333333
30.0,2.4,900.0,0.8000000000000004,64.4
30.0,2.4,601.0,1.0,1711.6666666666667
30.0,2.4,651.0,1.0,1773.5
30.0,2.4,701.0,1.0,1366.1
30.0,2.4,750.0,1.0,517.5
30.0,2.4,800.0,1.0,229.4
30.0,2.4,850.0,1.0,246.8
30.0,2.4,899.9333333333333,1.0,77.43333333333334
30.0,2.4,601.0,1.2,1111.6
30.0,2.4,650.3333333333334,0.4000000000000002,897.1
30.0,2.4,651.0,1.2,1415.1666666666667
30.0,2.4,701.0,1.2,1340.6666666666667
30.0,2.4,749.9333333333333,1.2,820.2666666666667
30.0,2.4,800.0,1.2,249.86666666666667
30.0,2.4,850.0,1.2,240.7
30.0,2.4,900.0,1.2,103.46666666666667
30.0,2.4,601.0,1.399666666666666,773.8666666666667
30.0,2.4,651.0,1.3983333333333325,1186.7333333333333
30.0,2.4,701.0,1.3989999999999994,1208.4333333333334
30.0,2.4,750.0,1.3979999999999995,924.4
30.0,2.4,701.0666666666667,0.4000000000000002,520.5
30.0,2.4,800.1333333333333,1.3959999999999997,376.6666666666667
30.0,2.4,850.0,1.3979999999999995,148.63333333333333
30.0,2.4,900.0,1.394333333333333,251.93333333333334
30.0,2.4,601.0,1.5966666666666673,587.6333333333333
30.0,2.4,651.0,1.5946666666666678,985.5666666666667
30.0,2.4,701.0,1.592000000000001,1062.9333333333334
30.0,2.4,750.0,1.5976666666666677,958.1
30.0,2.4,800.0666666666667,1.594000000000001,547.1
30.0,2.4,850.0,1.5990000000000006,185.66666666666666
30.0,2.4,900.0,1.5926666666666676,169.16666666666666
30.0,2.4,750.0,0.4000000000000002,195.66666666666666
30.0,2.4,799.2,0.4000000000000002,120.96666666666667
30.0,2.4,850.0,0.4000000000000002,88.0
30.0,2.4,900.0,0.4000000000000002,68.76666666666667
30.0,2.4,600.9333333333333,0.5986666666666666,3035.8333333333335
30.0,2.4,650.8666666666667,0.6,1692.4666666666667
30.0,2.8000000000000003,701.0,0.5996666666666666,498.6666666666667
30.0,2.8000000000000003,750.0,0.5996666666666666,399.43333333333334
30.0,2.8000000000000003,799.6666666666666,0.5996666666666666,125.23333333333333
30.0,2.8000000000000003,850.0,0.5973333333333333,83.1
30.0,2.8000000000000003,900.0,0.5976666666666667,57.9
30.0,2.8000000000000003,600.6666666666666,0.8000000000000004,2242.866666666667
30.0,2.8000000000000003,651.0,0.8000000000000004,1817.8666666666666
30.0,2.8000000000000003,700.8666666666667,0.8000000000000004,753.1333333333333
30.0,2.8000000000000003,750.0,0.8000000000000004,309.76666666666665
30.0,2.8000000000000003,800.0,0.8000000000000004,279.56666666666666
30.0,2.8000000000000003,601.0,0.4000000000000002,1783.3666666666666
30.0,2.8000000000000003,850.0,0.8000000000000004,90.3
30.0,2.8000000000000003,900.0,0.8000000000000004,60.13333333333333
30.0,2.8000000000000003,601.0,1.0,1749.0666666666666
30.0,2.8000000000000003,651.0,1.0,1738.3333333333333
30.0,2.8000000000000003,701.0,1.0,1169.2666666666667
30.0,2.8000000000000003,750.0,1.0,359.3
30.0,2.8000000000000003,800.0,1.0,298.23333333333335
30.0,2.8000000000000003,850.0,0.9996666666666666,130.46666666666667
30.0,2.8000000000000003,899.8666666666667,0.9996666666666666,61.2
30.0,2.8000000000000003,601.0,1.2,1248.4333333333334
30.0,2.8000000000000003,650.1333333333333,0.4000000000000002,758.8333333333334
30.0,2.8000000000000003,651.0,1.2,1432.2333333333333
30.0,2.8000000000000003,701.0,1.2,1239.4333333333334
30.0,2.8000000000000003,749.9333333333333,1.2,613.4666666666667
30.0,2.8000000000000003,800.0,1.2,192.73333333333332
30.0,2.8000000000000003,850.0,1.2,285.3333333333333
30.0,2.8000000000000003,900.0,1.2,75.36666666666666
30.0,2.8000000000000003,601.0,1.3969999999999996,847.3666666666667
30.0,2.8000000000000003,651.0,1.3993333333333324,1191.9333333333334
30.0,2.8000000000000003,701.0,1.3986666666666663,1163.6
30.0,2.8000000000000003,750.0,1.399666666666666,815.0333333333333
30.0,2.8000000000000003,701.0666666666667,0.4000000000000002,465.2
30.0,2.8000000000000003,800.0,1.3946666666666663,264.7
30.0,2.8000000000000003,850.0,1.3973333333333329,152.4
30.0,2.8000000000000003,900.0,1.394333333333333,138.1
30.0,2.8000000000000003,600.8666666666667,1.5956666666666675,645.4333333333333
30.0,2.8000000000000003,651.0,1.5940000000000007,998.5333333333333
30.0,2.8000000000000003,701.0,1.5920000000000012,1056.5333333333333
30.0,2.8000000000000003,750.0,1.5966666666666678,855.2333333333333
30.0,2.8000000000000003,800.0,1.600333333333334,364.73333333333335
30.0,2.8000000000000003,850.0,1.6003333333333343,138.26666666666668
30.0,2.8000000000000003,900.0,1.5933333333333344,233.1
30.0,2.8000000000000003,750.0,0.4000000000000002,167.46666666666667
30.0,2.8000000000000003,798.6666666666666,0.4000000000000002,113.4
30.0,2.8000000000000003,850.0,0.4000000000000002,82.26666666666667
30.0,2.8000000000000003,900.0,0.4000000000000002,62.1
30.0,2.8000000000000003,600.7333333333333,0.5986666666666666,2866.6666666666665
30.0,2.8000000000000003,651.0,0.6,1329.2
30.0,0.4,701.0,0.6,3231.9333333333334
30.0,0.4,750.0,0.5996666666666666,2861.2
30.0,0.4,800.0,0.5996666666666666,1679.3666666666666
30.0,0.4,850.0,0.599,651.4
30.0,0.4,900.0,0.5996666666666666,493.46666666666664
30.0,0.4,601.0,0.8000000000000004,1479.2666666666667
30.0,0.4,651.0,0.8000000000000004,1404.9666666666667
30.0,0.4,701.0,0.8000000000000004,2115.1666666666665
30.0,0.4,750.0,0.8000000000000004,2348.3333333333335
30.0,0.4,800.0,0.8000000000000004,2152.133333333333
30.0,0.4,601.0,0.4000000000000002,4961.5
30.0,0.4,850.0,0.8000000000000004,1388.5666666666666
30.0,0.4,900.0,0.8000000000000004,549.3
30.0,0.4,601.0,1.0,1186.6333333333334
30.0,0.4,651.0,0.999,839.6
30.0,0.4,701.0,1.0,1407.4333333333334
30.0,0.4,750.0,0.9996666666666667,1993.3333333333333
30.0,0.4,800.2,1.0,2040.0
30.0,0.4,850.0,1.0,1778.8666666666666
30.0,0.4,900.0,1.0,1088.1333333333334
30.0,0.4,601.0,1.1996666666666664,258.3333333333333
30.0,0.4,651.0,0.4000000000000002,5310.333333333333
30.0,0.4,651.0,1.2,757.7333333333333
30.0,0.4,701.0,1.2,993.8333333333334
30.0,0.4,750.0666666666667,1.2,1505.8666666666666
30.0,0.4,800.0,1.2,1830.1
30.0,0.4,850.0,1.2,1800.8333333333333
30.0,0.4,900.0,1.2,1483.3333333333333
30.0,0.4,601.0,1.3999999999999992,196.13333333333333
30.0,0.4,651.0,1.396666666666666,1238.9
30.0,0.4,701.0,1.398333333333333,759.4666666666667
30.0,0.4,750.0,1.3959999999999997,1170.8666666666666
30.0,0.4,701.0,0.4000000000000002,3696.3
30.0,0.4,800.3333333333334,1.3979999999999995,1722.0
30.0,0.4,850.0666666666667,1.392666666666667,1817.3
30.0,0.4,900.0,1.3973333333333327,1680.7
30.0,0.4,601.0,1.6000000000000008,182.6
30.0,0.4,651.0,1.5950000000000009,335.6666666666667
30.0,0.4,701.0,1.595333333333334,600.5333333333333
30.0,0.4,750.0,1.5943333333333345,1044.2333333333333
30.0,0.4,800.0666666666667,1.5976666666666677,1528.9666666666667
30.0,0.4,850.0,1.6000000000000008,1726.3333333333333
30.0,0.4,900.0,1.5986666666666676,1782.3
30.0,0.4,750.0,0.4000000000000002,1904.6666666666667
30.0,0.4,799.8,0.4000000000000002,1117.0333333333333
30.0,0.4,850.0,0.4000000000000002,1013.4333333333333
30.0,0.4,900.0,0.4000000000000002,1078.0666666666666
30.0,0.4,601.0,0.5993333333333334,1698.6666666666667
30.0,0.4,651.0,0.5983333333333332,2765.2
30.0,0.8,701.0,0.5996666666666666,2710.0
30.0,0.8,750.0,0.5993333333333333,1480.8333333333333
30.0,0.8,800.0666666666667,0.6,709.9
30.0,0.8,850.0,0.5993333333333334,844.8
30.0,0.8,900.0,0.5993333333333334,883.3333333333334
30.0,0.8,601.0,0.8000000000000004,1332.8333333333333
30.0,0.8,651.0,0.8000000000000004,2131.6
30.0,0.8,701.0,0.8000000000000004,2247.233333333333
30.0,0.8,750.0,0.8000000000000004,1893.9
30.0,0.8,800.0,0.8000000000000004,926.1
30.0,0.8,601.0,0.4000000000000002,5245.766666666666
30.0,0.8,850.0,0.8000000000000004,331.0
30.0,0.8,900.0,0.8000000000000004,379.6
30.0,0.8,601.0,0.9996666666666666,773.8333333333334
30.0,0.8,651.0,0.9996666666666667,1371.3
30.0,0.8,701.0,1.0,1838.8333333333333
30.0,0.8,750.0,0.9993333333333333,1841.8666666666666
30.0,0.8,800.0,1.0,1349.1
30.0,0.8,850.0,1.0,557.6
30.0,0.8,900.0,1.0,244.46666666666667
30.0,0.8,601.0,1.2,669.2
30.0,0.8,651.0,0.4000000000000002,3477.6666666666665
30.0,0.8,651.0,1.2,954.5333333333333
30.0,0.8,701.0,1.2,1496.1
30.0,0.8,750.0666666666667,1.2,1616.5
30.0,0.8,800.0666666666667,1.2,1506.4666666666667
30.0,0.8,850.0,1.2,993.8
30.0,0.8,900.0666666666667,1.2,375.6333333333333
30.0,0.8,601.0,1.3999999999999992,1155.3666666666666
30.0,0.8,651.0,1.3939999999999997,715.2
30.0,0.8,701.0,1.3969999999999994,1092.3666666666666
30.0,0.8,750.0,1.3969999999999996,1482.7333333333333
30.0,0.8,701.0,0.4000000000000002,1657.8333333333333
30.0,0.8,800.0,1.3963333333333332,1490.4666666666667
30.0,0.8,850.0666666666667,1.3943333333333332,1198.0666666666666
30.0,0.8,900.0,1.3986666666666663,622.9333333333333
30.0,0.8,601.0,1.5993333333333342,266.73333333333335
30.0,0.8,651.0,1.5960000000000008,507.76666666666665
30.0,0.8,701.0,1.5936666666666677,886.9666666666667
30.0,0.8,750.0,1.5923333333333345,1331.3333333333333
30.0,0.8,800.1333333333333,1.594000000000001,1407.9666666666667
30.0,0.8,850.0,1.6000000000000008,1281.6
30.0,0.8,900.0,1.598333333333334,894.6
30.0,0.8,750.0,0.4000000000000002,833.2666666666667
30.0,0.8,800.0,0.4000000000000002,709.4
30.0,0.8,850.0,0.4000000000000002,254.86666666666667
30.0,0.8,900.0666666666667,0.4000000000000002,330.7
30.0,0.8,601.0,0.599,2763.6666666666665
30.0,0.8,651.0,0.6,3208.0
5.0,1.2,701.0,0.6,292.06666666666666
5.0,1.2,750.0,0.6,110.5
5.0,1.2,800.0666666666667,0.6,107.36666666666666
5.0,1.2,850.2,0.6,104.76666666666667
5.0,1.2,900.0,0.6,128.9
5.0,1.2,601.0,0.8099999999999998,299.6
5.0,1.2,651.0,0.8093333333333332,379.06666666666666
5.0,1.2,701.0,0.8099999999999998,345.06666666666666
5.0,1.2,750.0,0.8000000000000004,200.66666666666666
5.0,1.2,800.0,0.8000000000000004,94.56666666666666
5.0,1.2,601.0,0.4100000000000001,720.8
5.0,1.2,850.0666666666667,0.8000000000000004,132.4
5.0,1.2,900.0,0.8000000000000004,137.0
5.0,1.2,601.0,1.0003333333333333,178.6
5.0,1.2,651.0,1.0003333333333333,286.43333333333334
5.0,1.2,701.0,1.0006666666666666,287.2
5.0,1.2,750.0,1.0,235.83333333333334
5.0,1.2,800.0,1.0,100.43333333333334
5.0,1.2,850.0,1.0,38.733333333333334
5.0,1.2,900.0,1.0003333333333333,55.166666666666664
5.0,1.2,601.0,1.2096666666666671,113.3
5.0,1.2,651.0,0.4000000000000002,342.1666666666667
5.0,1.2,651.0,1.2,195.53333333333333
5.0,1.2,701.0,1.2,245.63333333333333
5.0,1.2,750.0,1.2,237.96666666666667
5.0,1.2,800.0,1.2,153.9
5.0,1.2,850.0,1.2,56.733333333333334
5.0,1.2,900.0,1.2,30.566666666666666
5.0,1.2,601.0,1.3999999999999992,73.06666666666666
5.0,1.2,651.0,1.3999999999999992,145.43333333333334
5.0,1.2,701.0,1.3999999999999992,218.56666666666666
5.0,1.2,750.0,1.3996666666666657,228.8
5.0,1.2,701.0,0.4000000000000002,149.06666666666666
5.0,1.2,800.0666666666667,1.399666666666666,194.03333333333333
5.0,1.2,850.0,1.3999999999999992,102.96666666666667
5.0,1.2,900.0,1.3999999999999992,37.53333333333333
5.0,1.2,601.0,1.610333333333333,92.5
5.0,1.2,651.0,1.6000000000000008,121.36666666666666
5.0,1.2,701.0,1.6010000000000006,193.5
5.0,1.2,750.0,1.6000000000000008,212.43333333333334
5.0,1.2,800.0,1.6000000000000008,202.9
5.0,1.2,850.0,1.6000000000000008,138.3
5.0,1.2,900.0,1.6000000000000008,55.43333333333333
5.0,1.2,750.0,0.4000000000000002,90.86666666666666
5.0,1.2,799.9333333333333,0.4000000000000002,37.733333333333334
5.0,1.2,850.0,0.4000000000000002,23.866666666666667
5.0,1.2,900.0,0.4000000000000002,16.133333333333333
5.0,1.2,601.0,0.6,535.3666666666667
5.0,1.2,651.0,0.6,492.3
5.0,1.6,701.0,0.6,174.33333333333334
5.0,1.6,750.0,0.6,87.4
5.0,1.6,800.0,0.6,63.63333333333333
5.0,1.6,850.2,0.6,20.333333333333332
5.0,1.6,900.0,0.6,13.433333333333334
5.0,1.6,601.0,0.8099999999999998,355.2
5.0,1.6,651.0,0.8099999999999998,367.6666666666667
5.0,1.6,701.0,0.8099999999999998,285.4
5.0,1.6,750.0,0.8000000000000004,121.0
5.0,1.6,800.0,0.8000000000000004,89.8
5.0,1.6,601.0,0.4100000000000001,592.9
5.0,1.6,850.0666666666667,0.8000000000000004,119.23333333333333
5.0,1.6,900.0,0.8000000000000004,117.73333333333333
5.0,1.6,601.0,1.0,214.4
5.0,1.6,651.0,1.0003333333333333,295.43333333333334
5.0,1.6,701.0,1.0003333333333333,277.03333333333336
5.0,1.6,750.0,1.0,182.43333333333334
5.0,1.6,800.0,1.0003333333333333,80.73333333333333
5.0,1.6,850.0,1.0003333333333333,106.4
5.0,1.6,900.0,1.0,131.2
5.0,1.6,601.0,1.2,143.33333333333334
5.0,1.6,651.0,0.4000000000000002,241.3
5.0,1.6,651.0,1.2,224.73333333333332
5.0,1.6,701.0,1.2,231.9
5.0,1.6,750.0,1.2,194.33333333333334
5.0,1.6,800.0,1.2,89.8
5.0,1.6,850.0,1.2,33.03333333333333
5.0,1.6,900.0666666666667,1.2,48.0
5.0,1.6,601.0,1.3999999999999992,104.26666666666667
5.0,1.6,651.0,1.3999999999999992,170.03333333333333
5.0,1.6,701.0,1.3999999999999992,209.66666666666666
5.0,1.6,750.0,1.3999999999999992,205.83333333333334
5.0,1.6,701.0,0.4000000000000002,113.13333333333334
5.0,1.6,800.2666666666667,1.3999999999999992,140.23333333333332
5.0,1.6,850.0,1.3999999999999992,51.2
5.0,1.6,900.0,1.3999999999999992,24.533333333333335
5.0,1.6,601.0,1.6106666666666662,72.16666666666667
5.0,1.6,651.0,1.6000000000000008,132.36666666666667
5.0,1.6,701.0,1.6006666666666673,188.66666666666666
5.0,1.6,750.0,1.6000000000000008,198.3
5.0,1.6,800.0,1.6000000000000008,156.16666666666666
5.0,1.6,850.0,1.6000000000000008,78.83333333333333
5.0,1.6,900.0,1.6000000000000008,27.266666666666666
5.0,1.6,750.0,0.4000000000000002,74.1
5.0,1.6,800.0,0.4000000000000002,27.2
5.0,1.6,850.0,0.4000000000000002,17.566666666666666
5.0,1.6,900.0,0.4000000000000002,12.666666666666666
5.0,1.6,601.0,0.6,523.1666666666666
5.0,1.6,651.0,0.6,419.1
5.0,2.0,701.0,0.6,114.2
5.0,2.0,750.0,0.6,78.8
5.0,2.0,800.0,0.6,39.03333333333333
5.0,2.0,850.2666666666667,0.6,16.533333333333335
5.0,2.0,900.0,0.6,11.566666666666666
5.0,2.0,601.0,0.8099999999999998,374.8333333333333
5.0,2.0,651.0,0.8096666666666664,367.3666666666667
5.0,2.0,701.0,0.8099999999999998,222.93333333333334
5.0,2.0,750.0,0.8000000000000004,70.4
5.0,2.0,800.0,0.8000000000000004,65.63333333333334
5.0,2.0,601.0,0.4100000000000001,471.9
5.0,2.0,850.0,0.8000000000000004,26.133333333333333
5.0,2.0,900.0,0.8000000000000004,13.533333333333333
5.0,2.0,601.0,1.0003333333333333,259.53333333333336
5.0,2.0,651.0,1.0,292.6333333333333
5.0,2.0,701.0,1.0006666666666666,252.36666666666667
5.0,2.0,750.0,1.0,132.93333333333334
5.0,2.0,800.0,1.0003333333333333,68.66666666666667
5.0,2.0,850.0,1.0,105.66666666666667
5.0,2.0,900.0666666666667,1.0,101.86666666666666
5.0,2.0,601.0,1.2,159.86666666666667
5.0,2.0,651.0,0.4000000000000002,176.5
5.0,2.0,651.0,1.2,232.13333333333333
5.0,2.0,701.0,1.2,228.46666666666667
5.0,2.0,750.0,1.2,166.73333333333332
5.0,2.0,800.0,1.2,56.56666666666667
5.0,2.0,850.0,1.2,36.266666666666666
5.0,2.0,900.0666666666667,1.2,50.13333333333333
5.0,2.0,601.0,1.4003333333333325,116.13333333333334
5.0,2.0,651.0,1.3999999999999992,186.36666666666667
5.0,2.0,701.0,1.3999999999999992,202.5
5.0,2.0,750.0,1.3999999999999992,177.46666666666667
5.0,2.0,701.0,0.4000000000000002,97.0
5.0,2.0,800.1333333333333,1.3996666666666657,91.03333333333333
5.0,2.0,850.0,1.3999999999999992,29.366666666666667
5.0,2.0,899.8666666666667,1.3999999999999992,37.166666666666664
5.0,2.0,601.0,1.6099999999999997,91.5
5.0,2.0,651.0,1.6000000000000008,148.36666666666667
5.0,2.0,701.0,1.601333333333334,184.3
5.0,2.0,750.0,1.6000000000000008,177.2
5.0,2.0,800.0,1.5996666666666675,121.46666666666667
5.0,2.0,850.0,1.6000000000000008,45.9
5.0,2.0,900.0,1.6000000000000008,22.766666666666666
5.0,2.0,750.0,0.4000000000000002,41.6
5.0,2.0,800.0,0.4000000000000002,22.533333333333335
5.0,2.0,850.0,0.4000000000000002,17.066666666666666
5.0,2.0,900.0,0.4000000000000002,12.833333333333334
5.0,2.0,601.0,0.6,513.1666666666666
5.0,2.0,651.0666666666667,0.6,332.3333333333333
5.0,2.4,701.0,0.6,84.03333333333333
5.0,2.4,750.0,0.6,71.66666666666667
5.0,2.4,800.0,0.6,23.533333333333335
5.0,2.4,850.0,0.6,14.4
5.0,2.4,900.0,0.6,10.4
5.0,2.4,601.0,0.8096666666666665,378.6
5.0,2.4,651.0,0.8099999999999998,341.4
5.0,2.4,701.0,0.8099999999999998,171.4
5.0,2.4,750.0,0.8000000000000004,53.3
5.0,2.4,800.0,0.8000000000000004,61.93333333333333
5.0,2.4,601.0,0.4100000000000001,377.23333333333335
5.0,2.4,850.0,0.8000000000000004,19.0
5.0,2.4,900.0,0.8000000000000004,11.433333333333334
5.0,2.4,601.0,1.0,281.43333333333334
5.0,2.4,651.0,1.0003333333333333,290.6333333333333
5.0,2.4,701.0,1.0003333333333333,220.26666666666668
5.0,2.4,750.0,1.0003333333333333,81.36666666666666
5.0,2.4,800.0,1.0,34.733333333333334
5.0,2.4,850.0,1.0003333333333333,38.8
5.0,2.4,900.0666666666667,1.0003333333333333,10.7
5.0,2.4,601.0,1.2,187.96666666666667
5.0,2.4,651.0,0.4000000000000002,140.43333333333334
5.0,2.4,651.0,1.2,233.63333333333333
5.0,2.4,701.0,1.2,212.26666666666668
5.0,2.4,750.0,1.2,130.13333333333333
5.0,2.4,800.0,1.2,37.4
5.0,2.4,850.0,1.2,41.333333333333336
5.0,2.4,900.0,1.2,14.833333333333334
5.0,2.4,601.0,1.3999999999999992,128.86666666666667
5.0,2.4,651.0,1.4003333333333325,194.86666666666667
5.0,2.4,701.0,1.3999999999999992,205.23333333333332
5.0,2.4,750.0,1.3999999999999992,153.83333333333334
5.0,2.4,701.0,0.4000000000000002,86.4
5.0,2.4,800.2666666666667,1.3999999999999992,58.9
5.0,2.4,850.0,1.3999999999999992,24.633333333333333
5.0,2.4,900.0,1.3999999999999992,38.93333333333333
5.0,2.4,601.0,1.6099999999999997,101.3
5.0,2.4,651.0,1.6000000000000008,166.06666666666666
5.0,2.4,701.0,1.6006666666666676,183.3
5.0,2.4,750.0,1.6000000000000008,160.6
5.0,2.4,800.0,1.6000000000000008,83.9
5.0,2.4,850.0,1.6000000000000008,31.233333333333334
5.0,2.4,900.0,1.6000000000000008,31.7
5.0,2.4,750.0,0.4000000000000002,31.833333333333332
5.0,2.4,800.0,0.4000000000000002,19.7
5.0,2.4,850.0,0.4000000000000002,14.633333333333333
5.0,2.4,900.0,0.4000000000000002,11.133333333333333
5.0,2.4,601.0,0.6,498.1333333333333
5.0,2.4,651.0,0.6,256.03333333333336
5.0,2.8000000000000003,701.0,0.6,83.3
5.0,2.8000000000000003,750.0,0.6,65.16666666666667
5.0,2.8000000000000003,800.0,0.6,20.5
5.0,2.8000000000000003,850.0666666666667,0.6,14.133333333333333
5.0,2.8000000000000003,900.0,0.6,9.833333333333334
5.0,2.8000000000000003,601.0,0.8099999999999998,376.26666666666665
5.0,2.8000000000000003,651.0,0.8093333333333332,309.26666666666665
5.0,2.8000000000000003,701.0,0.8099999999999998,125.4
5.0,2.8000000000000003,750.0,0.8000000000000004,54.7
5.0,2.8000000000000003,800.0,0.8000000000000004,48.9
5.0,2.8000000000000003,601.0,0.4100000000000001,298.9
5.0,2.8000000000000003,850.0,0.8000000000000004,14.033333333333333
5.0,2.8000000000000003,900.0,0.8000000000000004,9.733333333333333
5.0,2.8000000000000003,601.0,1.0,293.1
5.0,2.8000000000000003,651.0,1.0,278.1666666666667
5.0,2.8000000000000003,701.0,1.0,190.93333333333334
5.0,2.8000000000000003,750.0,1.0,59.93333333333333
5.0,2.8000000000000003,800.0,1.0,47.766666666666666
5.0,2.8000000000000003,850.0,1.0006666666666666,22.066666666666666
5.0,2.8000000000000003,900.2,1.0003333333333333,10.233333333333333
5.0,2.8000000000000003,601.0,1.2,207.46666666666667
5.0,2.8000000000000003,651.0,0.4000000000000002,123.6
5.0,2.8000000000000003,651.0,1.2,231.4
5.0,2.8000000000000003,701.0,1.2,195.93333333333334
5.0,2.8000000000000003,750.0,1.2,95.66666666666667
5.0,2.8000000000000003,799.9333333333333,1.2,30.666666666666668
5.0,2.8000000000000003,850.0,1.2,46.43333333333333
5.0,2.8000000000000003,900.0,1.2,12.0
5.0,2.8000000000000003,601.0,1.3999999999999992,136.43333333333334
5.0,2.8000000000000003,651.0,1.3999999999999992,197.8
5.0,2.8000000000000003,701.0,1.3999999999999992,195.73333333333332
5.0,2.8000000000000003,750.0,1.3999999999999992,134.13333333333333
5.0,2.8000000000000003,701.0,0.4000000000000002,74.96666666666667
5.0,2.8000000000000003,800.0666666666667,1.3999999999999992,40.63333333333333
5.0,2.8000000000000003,850.0,1.3999999999999992,26.166666666666668
5.0,2.8000000000000003,900.0,1.399666666666666,23.933333333333334
5.0,2.8000000000000003,601.0,1.6099999999999997,108.43333333333334
5.0,2.8000000000000003,651.0,1.6000000000000008,167.73333333333332
5.0,2.8000000000000003,701.0,1.6000000000000008,176.2
5.0,2.8000000000000003,750.0,1.6000000000000008,140.76666666666668
5.0,2.8000000000000003,800.0,1.6000000000000008,59.63333333333333
5.0,2.8000000000000003,850.0,1.5996666666666675,23.233333333333334
5.0,2.8000000000000003,900.0,1.600333333333334,37.4
5.0,2.8000000000000003,750.0,0.4000000000000002,29.033333333333335
5.0,2.8000000000000003,800.0,0.4000000000000002,18.333333333333332
5.0,2.8000000000000003,850.0,0.4000000000000002,13.166666666666666
5.0,2.8000000000000003,900.0,0.4000000000000002,10.666666666666666
5.0,2.8000000000000003,601.0,0.6,454.46666666666664
5.0,2.8000000000000003,651.0,0.6,200.8
5.0,0.4,701.0,0.6,540.1
5.0,0.4,750.0,0.6,472.76666666666665
5.0,0.4,800.0,0.6,261.8333333333333
5.0,0.4,850.9333333333333,0.6,103.53333333333333
5.0,0.4,900.0,0.6,85.33333333333333
5.0,0.4,601.0,0.8099999999999998,196.83333333333334
5.0,0.4,651.0,0.8099999999999998,231.7
5.0,0.4,701.0,0.8099999999999998,358.96666666666664
5.0,0.4,750.0,0.8000000000000004,397.3
5.0,0.4,800.0,0.8000000000000004,358.2
5.0,0.4,601.0,0.4100000000000001,817.2333333333333
5.0,0.4,850.0666666666667,0.8000000000000004,222.9
5.0,0.4,900.1333333333333,0.8000000000000004,87.36666666666666
5.0,0.4,600.9333333333333,1.0,207.7
5.0,0.4,651.0,1.0,146.1
5.0,0.4,701.0,1.0006666666666666,234.93333333333334
5.0,0.4,750.0,1.0,326.26666666666665
5.0,0.4,800.0,1.0,333.4
5.0,0.4,850.0,1.0,281.96666666666664
5.0,0.4,900.0,1.0,163.86666666666667
5.0,0.4,601.0,1.2096666666666671,40.56666666666667
5.0,0.4,651.0,0.4000000000000002,893.8333333333334
5.0,0.4,651.0,1.2,108.5
5.0,0.4,701.0,1.2,169.93333333333334
5.0,0.4,750.0,1.2,254.4
5.0,0.4,800.0,1.2,299.43333333333334
5.0,0.4,850.0666666666667,1.2,298.8333333333333
5.0,0.4,900.0,1.2,231.1
5.0,0.4,601.0,1.3999999999999992,37.36666666666667
5.0,0.4,651.0,1.3999999999999992,208.53333333333333
5.0,0.4,701.0,1.4003333333333325,125.06666666666666
5.0,0.4,750.0,1.3999999999999992,207.1
5.0,0.4,701.0,0.4000000000000002,619.5
5.0,0.4,800.1333333333333,1.3999999999999992,299.96666666666664
5.0,0.4,850.0,1.3999999999999992,286.46666666666664
5.0,0.4,900.0,1.3999999999999992,275.43333333333334
5.0,0.4,601.0,1.6099999999999997,33.3
5.0,0.4,651.0,1.6000000000000008,74.26666666666667
5.0,0.4,701.0,1.6000000000000008,107.83333333333333
5.0,0.4,750.0,1.6000000000000008,177.76666666666668
5.0,0.4,800.0,1.6000000000000008,258.46666666666664
5.0,0.4,850.0,1.6000000000000008,318.8333333333333
5.0,0.4,900.0,1.6000000000000008,293.06666666666666
5.0,0.4,750.0,0.4000000000000002,313.46666666666664
5.0,0.4,800.0,0.4000000000000002,187.5
5.0,0.4,850.0,0.4000000000000002,165.23333333333332
5.0,0.4,900.0,0.4000000000000002,170.7
5.0,0.4,601.0,0.6,308.43333333333334
5.0,0.4,651.1333333333333,0.6,479.03333333333336
5.0,0.8,701.0,0.6,436.5
5.0,0.8,750.1333333333333,0.6,221.16666666666666
5.0,0.8,800.0666666666667,0.6,122.66666666666667
5.0,0.8,850.8,0.6,144.26666666666668
5.0,0.8,900.0,0.6,145.1
5.0,0.8,601.0,0.8099999999999998,217.6
5.0,0.8,651.0,0.8096666666666664,358.2
5.0,0.8,701.0,0.8099999999999998,358.96666666666664
5.0,0.8,750.0,0.8000000000000004,301.26666666666665
5.0,0.8,800.0,0.8000000000000004,141.83333333333334
5.0,0.8,601.0,0.4100000000000001,864.0
5.0,0.8,850.0,0.8000000000000004,53.56666666666667
5.0,0.8,900.0,0.8000000000000004,64.46666666666667
5.0,0.8,601.0,1.0,136.9
5.0,0.8,651.0,1.0003333333333333,234.16666666666666
5.0,0.8,701.0,1.0006666666666666,299.93333333333334
5.0,0.8,750.0,1.0003333333333333,294.8
5.0,0.8,800.0,1.0,219.16666666666666
5.0,0.8,850.0,1.0,88.0
5.0,0.8,900.0666666666667,1.0,39.766666666666666
5.0,0.8,601.0,1.2100000000000006,126.93333333333334
5.0,0.8,651.0,0.4000000000000002,554.3333333333334
5.0,0.8,651.0,1.2,158.33333333333334
5.0,0.8,701.0,1.2,245.66666666666666
5.0,0.8,750.0666666666667,1.2,266.3333333333333
5.0,0.8,800.0,1.2,239.33333333333334
5.0,0.8,850.0,1.2,151.16666666666666
5.0,0.8,900.0,1.2,56.03333333333333
5.0,0.8,601.0,1.3999999999999992,198.46666666666667
5.0,0.8,651.0,1.3999999999999992,123.33333333333333
5.0,0.8,701.0,1.3999999999999992,182.43333333333334
5.0,0.8,750.0,1.3999999999999992,253.73333333333332
5.0,0.8,701.0,0.4000000000000002,266.1666666666667
5.0,0.8,800.0666666666667,1.3999999999999992,249.36666666666667
5.0,0.8,850.0,1.3999999999999992,193.9
5.0,0.8,900.0,1.3999999999999992,93.66666666666667
5.0,0.8,601.0,1.6106666666666662,44.1
5.0,0.8,651.0,1.6000000000000008,90.0
5.0,0.8,701.0,1.6000000000000008,157.26666666666668
5.0,0.8,750.0,1.6000000000000008,228.13333333333333
5.0,0.8,800.0,1.6000000000000008,233.33333333333334
5.0,0.8,850.0,1.6000000000000008,216.03333333333333
5.0,0.8,900.0,1.6000000000000008,139.53333333333333
5.0,0.8,750.0,0.4000000000000002,125.86666666666666
5.0,0.8,799.9333333333333,0.4000000000000002,102.23333333333333
5.0,0.8,850.0,0.4000000000000002,80.73333333333333
5.0,0.8,900.0,0.4000000000000002,33.3
5.0,0.8,601.0,0.6,480.96666666666664
5.0,0.8,651.0666666666667,0.6,535.8666666666667
